,Pre-pro B_names,Pre-pro B_scores,Cycling pro B_names,Cycling pro B_scores,Pro B_names,Pro B_scores,Cycling pre B_names,Cycling pre B_scores,Pre B_names,Pre B_scores,Immature B_names,Immature B_scores,FTLhi immature B_names,FTLhi immature B_scores,S100A8hi immature B_names,S100A8hi immature B_scores,Naive B_names,Naive B_scores,FOShi naive B_names,FOShi naive B_scores,HSPA1Ahi naive B_names,HSPA1Ahi naive B_scores,LZ GC B_names,LZ GC B_scores,DZ GC B_names,DZ GC B_scores,Classical memory B_names,Classical memory B_scores,IgM+ memory B_names,IgM+ memory B_scores,CD27-IgM+IgD+ memory B_names,CD27-IgM+IgD+ memory B_scores,PB_names,PB_scores,PC_names,PC_scores
0,ERG,238.04,CDK6,52.83,ERG,78.41,DIAPH3,97.22,AL139020.1,111.47,CCR7,40.51,MS4A6A,26.15,PLEK,37.5,IRAK3,126.01,CD69,57.5,CCR7,3.62,FCRL3,15.41,LMNB1,16.77,TOX,117.2,LINC01781,143.72,SOX5,92.46,SELENOM,48.43,PRDM1,159.5
1,CDK6,182.79,CNTLN,48.07,IQGAP2,64.98,RRM2,85.76,MME,104.15,HMOX1,30.8,FCGR3A,26.05,FCER1G,32.45,FCRL3,79.53,NR4A2,40.8,SRGN,2.87,RPS2,15.02,EXO1,12.99,NEK6,112.42,MAST4,120.13,TFEC,80.11,CST3,32.46,CYTOR,152.03
2,IQGAP2,172.66,BAHCC1,47.39,MME,60.75,E2F2,79.54,MSH6,94.25,FCGR3A,23.15,CCR7,22.64,HCST,30.07,PEG10,71.39,ZNF331,25.04,ELL2,1.72,LILRA4,13.31,NCAPH,11.92,SSPN,110.98,HIPK2,119.42,FGR,72.65,SDC1,31.65,CREB3L2,135.53
3,ZMIZ1,160.87,ZMIZ1,44.64,ARPP21,53.37,BRIP1,76.2,HCK,90.58,BCL11B,22.77,C1QC,22.02,LCN2,29.2,IGHD,53.92,FCRL3,21.87,RPS2,1.59,TFEC,12.66,MKI67,10.72,BAIAP3,99.15,SSPN,114.3,FCRL3,66.25,IGHG1,30.96,EYA2,135.04
4,ARPP21,158.88,BRIP1,42.94,CDK6,52.15,PLK4,70.6,ADAM23,90.31,ELL2,21.89,TYROBP,15.27,NLRP3,28.38,ZNF331,45.6,IGHD,20.82,HMOX1,1.49,PLEK,12.57,CDCA5,10.17,DNAH8,97.13,CD70,113.1,FCRL5,59.8,JCHAIN,30.47,NEAT1,126.42
5,GNAQ,158.42,CTNNAL1,41.73,ZMIZ1,50.05,LMNB1,66.07,IFNAR2,77.17,CD86,21.65,HMOX1,13.45,STX11,28.38,IFI44L,37.57,NFKBIA,20.39,CD86,1.36,FCRL5,12.44,VPREB1,10.15,HIPK2,94.31,NEK6,108.56,ENC1,58.5,DENND6B,30.38,MCL1,126.01
6,MYLK,147.43,ENOSF1,39.74,LEF1,43.7,NCAPH,65.93,BAHCC1,76.93,MS4A6A,18.33,ZNF331,11.47,GNAQ,26.68,TNFAIP3,33.93,FOS,20.36,CTNNAL1,1.25,EBI3,12.27,BUB1B,9.43,TBXAS1,92.34,IL2RA,106.56,PCDH9,52.41,LMNA,29.69,SELENOM,120.66
7,MME,123.95,SCD5,38.57,RAG1,38.76,EXO1,64.76,CD38,76.64,TNFRSF13B,17.75,FCER1G,10.95,ACTG1,25.64,PCDH9,31.69,TNFAIP3,16.7,CLSPN,1.23,CCR7,11.98,AP000345.2,9.25,CRIP1,92.18,ALPL,97.78,CD86,50.25,IGHA1,29.48,LDLR,120.64
8,AKAP12,123.79,MIR181A1HG,37.35,GNAQ,36.77,PBK,63.67,AEBP1,72.32,C1QC,15.94,ELL2,9.05,IL7R,25.19,PECAM1,22.34,RGCC,16.5,KLF6,1.18,HCST,11.13,PLK4,9.1,CRIP2,88.3,TFEC,95.37,TOX,48.7,ACTB,28.23,TSHZ2,120.03
9,ZNF704,116.38,DIAPH3,36.74,SMAD1,36.76,CNTLN,61.86,MIR181A1HG,71.28,IL7R,15.52,IRAK3,8.38,SLC7A5,24.0,SMIM3,12.76,TXNDC5,15.51,TNFRSF1B,1.15,PKM,10.59,MCM10,8.94,CD86,80.21,LINC00996,94.55,ITGAX,48.56,CYTOR,28.14,SLAMF7,116.73
10,SMAD1,108.6,MCM10,36.0,VPREB1,34.69,ANLN,59.03,LINC00472,71.26,PLEK,15.27,FXYD2,8.16,TNFAIP3,23.99,ACTB,10.84,ACTB,15.4,CD70,1.09,NEDD9,9.93,DIAPH3,8.93,COL18A1,75.31,TNFRSF13B,84.11,PAG1,48.49,FAM92B,27.71,NEDD9,115.27
11,LEF1,107.86,MYLK,35.55,PECAM1,33.53,MYBL2,58.97,LEF1,71.05,RPS2,14.85,PLEK,7.77,NIBAN1,23.11,ITGB1,9.33,PECAM1,14.62,TNFAIP3,1.03,SEMA7A,9.91,BRIP1,8.9,FAS,73.75,CRIP1,82.8,ZNF331,45.62,SLAMF7,27.5,MERTK,113.15
12,MIR181A1HG,104.58,SHANK3,35.49,MYLK,32.95,BUB1B,58.87,KANK2,67.08,FCRL3,14.77,TXNDC5,7.52,FGR,21.95,UBE2C,9.08,CD86,13.6,STMN1,1.03,ACTG1,7.94,DEPDC1B,8.81,RAB31,72.1,TBXAS1,81.8,NEAT1,44.78,SCNN1B,26.89,ELL2,111.91
13,PAG1,90.74,ANLN,35.08,GPR176,32.49,MELK,57.53,LAMP5,65.98,TNFAIP3,14.77,PCDH9,6.49,IRAK3,20.74,AREG,6.79,NR4A3,12.15,ASF1B,1.02,CRIP2,7.79,CDK1,8.7,LINC02384,68.72,NR4A2,81.38,PLD4,40.86,IGHG4,26.87,NUGGC,110.67
14,GPR176,86.55,PAG1,34.75,SOCS2,30.78,CDC25A,56.49,RAG1,65.03,IRAK3,14.06,TNFAIP3,6.09,TYROBP,20.65,TXNDC5,4.56,WEE1,9.24,C1QC,1.01,ZMIZ1,7.48,CNTLN,8.68,NIBAN1,68.39,RASSF6,81.32,TOX2,39.81,IL5RA,25.45,LMNA,105.74
15,BAHCC1,79.27,ERG,34.16,ADGRE2,29.89,CDCA5,56.17,CDC25B,63.41,TXNDC5,13.93,HMGB2,4.44,NFKBIA,20.31,DUSP2,3.31,AREG,9.2,DENND6B,0.96,CD70,7.33,AURKB,8.57,BRIP1,67.42,RAB31,73.85,CRIP1,38.58,ACTG1,25.17,FCRL5,105.08
16,SHANK3,70.08,IQGAP2,34.14,BAHCC1,28.91,ENOSF1,54.92,IQGAP2,56.36,SNCA,13.8,FCRL3,4.35,ITGAX,19.82,FXYD2,1.34,DUSP2,8.39,FCRL3,0.87,SOX5,7.3,KIFC1,8.53,EBI3,61.13,TOX,68.61,AC104024.1,37.14,SEC11C,24.91,VDR,98.37
17,LCN6,66.83,E2F2,33.84,ZNF704,28.06,KIFC1,54.36,PLD4,55.75,MAST4,13.72,CD86,3.0,MNDA,19.56,JCHAIN,0.2,ITGB1,8.2,ZNF331,0.86,TNFAIP3,6.78,MELK,8.47,LINC01781,60.19,TCF7,63.27,HCK,36.88,IGHG3,23.58,LINC02384,98.19
18,ADGRE2,64.56,EXO1,33.74,DNTT,24.8,BAHCC1,53.91,IRF4,53.46,TNFRSF1B,13.43,ASF1B,2.9,FLNA,19.41,S100A9,-2.84,MIR155HG,6.58,SLAMF1,0.84,AC104024.1,6.75,E2F2,8.34,TCF7,60.04,FLNA,59.93,FLNA,36.04,HERPUD1,21.95,KCNMA1,96.56
19,CNTLN,57.78,MYBL2,33.5,SH3BGRL3,23.23,SPC25,51.52,MYBL2,53.23,FCER1G,13.41,IGHD,2.47,BCL11B,18.02,CCR7,-3.46,SH3BGRL3,6.33,IRAK3,0.83,TNFRSF13B,6.71,CDC25A,8.34,HOPX,57.42,SEMA7A,58.4,SRGN,35.7,RPS2,21.45,KLF6,96.38
20,PECAM1,56.73,ZNF704,33.25,KANK2,22.21,MME,50.97,ARPP21,53.18,NEDD9,13.36,HOPX,2.38,SHANK3,18.02,EGR1,-4.18,FCRL5,6.15,NR4A2,0.8,RASSF6,6.22,CDC6,8.29,CD99,57.18,TESC,57.97,LILRA4,35.58,KLF6,19.19,SCNN1B,91.55
21,CD38,56.63,PCLAF,32.43,MIR181A1HG,21.9,CDCA2,50.82,STMN1,52.06,ZNF331,13.19,CNTLN,1.71,GPRIN3,17.63,CD69,-6.53,HMGB2,6.12,SLC11A1,0.78,RGCC,6.06,MIR181A1HG,8.23,TP63,55.05,BAIAP3,57.53,TNFRSF1B,34.4,RRBP1,18.85,SRGN,89.52
22,SNCA,56.1,RRM2,32.23,RNF152,21.61,MIR181A1HG,50.61,CDK6,48.8,HMGB2,12.87,ALPL,1.62,ZMIZ1,16.99,LILRB2,-6.54,PLK4,4.78,DUSP2,0.75,IL2RA,6.04,KIF4A,8.19,TSHZ2,50.81,CRIP2,54.81,TXNDC5,33.43,PRDM1,15.79,STX11,88.39
23,CD34,48.75,GPR176,31.46,SHANK3,21.14,KIF14,50.23,BMP3,47.52,GPRIN3,12.09,FOS,1.59,CCR7,16.74,MIR155HG,-7.24,PLD4,3.97,SMIM3,0.72,TP63,5.92,MYBL2,8.07,PAG1,50.37,AC104024.1,52.27,ZMIZ1,32.79,CKB,14.29,IL6R,88.34
24,CTNNAL1,46.46,GNAQ,30.97,CNTLN,20.74,NEIL3,50.13,PCDH9,47.32,IGHD,9.67,FGR,1.55,TCF7,16.14,NR4A3,-7.68,IRF4,2.49,NFKBIA,0.69,IRF4,5.9,PBK,8.06,ATP2B4,45.67,PKM,49.8,IFNAR2,29.8,TCN2,13.99,RRBP1,86.94
25,ATP2B4,45.37,AKAP12,30.07,PAG1,19.98,KIF4A,49.27,SYNC,46.85,FCRL5,9.44,PEG10,1.29,SH3BGRL3,15.89,ELL2,-7.78,VIM-AS1,2.26,MYLK,0.58,FAS,5.49,CDCA8,8.04,FLNA,43.13,FAS,48.77,SIGLEC6,29.41,IL6R,13.63,DENND6B,86.77
26,RNF152,43.91,PLK4,29.93,CD99,19.7,E2F7,49.16,SMAD1,44.48,SLC7A5,8.58,SEMA7A,1.13,PAG1,15.12,SLAMF1,-9.2,NEK2,2.02,SLC7A5,0.57,BCL2A1,5.32,GTSE1,7.96,EYA2,42.65,TP63,45.36,NR4A2,27.65,TIMP1,12.47,FAM92B,86.13
27,IFNAR2,41.63,E2F1,29.89,SNCA,18.73,CDK1,48.65,VDR,42.57,ALPL,8.54,SDR16C5,1.0,RAB31,14.66,CST3,-10.08,PCLAF,1.93,LILRB2,0.57,DUSP4,5.1,KIF14,7.89,SH3BGRL3,41.31,WEE1,45.23,IQGAP2,26.56,LAMP3,12.12,SLC7A5,83.9
28,KANK2,40.77,RNF152,28.19,MSH6,17.51,CDC6,48.65,VIM-AS1,40.69,FGR,7.96,S100A9,0.68,LEF1,13.73,CLSPN,-10.41,LMNA,1.45,MS4A6A,0.53,MAST4,4.82,ANLN,7.87,WEE1,40.8,EBI3,43.82,MNDA,25.99,LDLR,12.1,IGF1,83.87
29,ENOSF1,39.68,KIF14,28.06,HMGB2,15.24,CTNNAL1,48.46,VPREB1,40.57,KLF6,7.4,ACTB,0.63,SNCA,13.5,NEDD9,-10.64,CCR7,0.72,TNFRSF13B,0.47,LINC00996,4.74,BAHCC1,7.86,HCST,39.84,CXCR3,43.41,MAST4,24.54,TYROBP,12.08,ITGA8,80.34
30,SOCS2,38.38,DEPDC1B,28.04,ATP2B4,14.32,VPREB1,48.09,BEST3,39.5,LILRA4,7.05,TNFRSF1B,0.36,NEDD9,13.23,LAMP3,-11.11,JCHAIN,0.7,SIGLEC6,0.39,DUSP2,4.56,E2F7,7.74,NUGGC,38.1,CD86,40.37,PLEK,24.26,IGHA2,11.31,ACTG1,80.23
31,DNTT,36.13,BUB1B,27.44,CTNNAL1,13.79,MCM10,47.52,TOX2,39.01,HCST,6.98,NEDD9,0.32,SRGN,13.22,SLC11A1,-11.6,UBE2C,0.66,CREB3L2,0.39,ALPL,4.4,CDCA2,7.72,PLEK,37.82,SOX5,37.39,RAB31,23.2,MS4A6A,10.7,TRIB1,79.23
32,BEST3,35.12,MME,27.0,MYBL2,13.28,DEPDC1B,47.5,DNTT,37.61,FXYD2,6.92,EGR1,0.3,TBXAS1,13.09,TNFRSF4,-12.86,BCL2A1,0.46,SH3BGRL3,0.36,ITGB1,4.19,RRM2,7.71,ZMIZ1,36.12,NIBAN1,35.68,SH3BGRL3,22.42,ITGA8,10.25,MYO6,79.19
33,SCD5,34.05,NCAPH,26.88,AKAP12,12.23,E2F1,47.47,HCST,32.68,DUSP4,6.85,SMIM3,0.27,ATP2B4,13.02,LCN6,-12.93,MSH6,0.41,WEE1,0.3,CRIP1,3.84,CTNNAL1,7.66,CD70,35.82,TNFSF9,33.48,TNFRSF13B,21.11,WFS1,10.11,DNAH8,78.34
34,ID2,32.33,PECAM1,26.68,AP000345.2,11.79,CKAP2L,47.46,AC011603.2,27.59,FAS,6.69,CCNA2,0.25,ACTB,12.74,SDC1,-13.9,CLSPN,0.33,ITGB1,0.27,NIBAN1,3.77,IL7R,7.5,TESC,33.94,RPS2,32.0,SLAMF7,20.11,HMOX1,10.08,SLAMF1,77.86
35,BAALC,27.97,CKAP2L,26.64,FXYD2,11.29,KANK2,46.94,HIST1H2BJ,24.78,CD70,6.1,DUSP2,0.12,BCL2A1,12.24,IGHA1,-14.46,EGR1,0.16,HERPUD1,0.26,STX11,3.73,KANK2,7.4,RASSF6,31.81,ATP2B4,31.24,DUSP4,18.69,FCER1G,9.81,CADPS2,77.54
36,NIBAN1,27.03,MELK,25.22,SYNC,11.09,CCNA2,46.69,NR4A3,21.2,TNFSF9,5.83,IFI44L,-0.06,IQGAP2,11.56,IGHA2,-14.88,LAMP3,0.09,ACTB,0.21,NEK6,3.7,HJURP,7.26,MUC16,31.57,MNDA,29.93,NCAPH,18.45,HOPX,9.74,HID1,76.63
37,CD69,25.5,ASPM,25.14,E2F2,10.96,AURKB,46.49,ZNF704,21.16,LCN2,5.03,DUSP4,-0.18,FOS,11.4,SCN9A,-15.84,SYNC,-0.1,CCNE1,0.18,KIF23,3.61,CDCA7,7.23,NEAT1,30.77,ZMIZ1,27.47,RGCC,17.46,HCST,9.41,TMEM52,71.35
38,LINC00114,24.71,SNCA,24.45,BEST3,10.65,CDCA8,44.54,MYLK,20.68,SEMA7A,4.84,LILRB2,-0.21,WEE1,11.25,BAALC,-16.09,ASF1B,-0.2,SOCS2,0.17,TYROBP,3.54,CKAP2L,7.16,SDR16C5,29.28,LILRA4,26.72,HCST,17.33,TNFRSF4,9.27,IL5RA,70.38
39,SCN9A,22.44,LMNB1,24.28,SCD5,9.92,ZNF704,43.13,WFS1,19.85,CREB3L2,4.8,CD69,-0.39,RPS2,10.69,BCL2A1,-16.51,SMIM3,-0.26,AP000345.2,0.15,CDK6,3.46,PLD4,7.12,NCAPH,28.56,PLEK,26.67,SSPN,16.11,C1QC,9.03,PECAM1,69.88
40,HIST1H2BJ,19.03,NEIL3,24.2,ID2,9.05,DLL4,42.68,IL7R,18.33,CLSPN,4.36,TP63,-0.41,LINC02384,10.55,ASF1B,-16.76,FXYD2,-0.29,AMPD1,0.15,SLAMF7,3.32,CDCA3,7.05,ITGB1,27.28,CD1C,24.77,TNFSF9,15.42,MYO6,9.01,TTLL7,69.41
41,NT5DC2,18.23,CDC25A,24.11,CDCA7,8.16,KIF23,41.72,E2F2,16.18,STX11,4.12,LCN6,-0.47,SEMA7A,10.45,SYNC,-17.24,CCNE1,-0.45,CD1C,0.07,NFKBIA,3.19,CRIP1,7.01,PKM,22.69,SIGLEC6,23.56,CD99,13.32,GPRIN3,8.91,ACTB,68.57
42,ANLN,16.31,MKI67,24.01,WFS1,7.77,ARPP21,40.85,AP000345.2,15.87,TBXAS1,3.83,SEC11C,-0.54,ELL2,10.19,LINC00114,-17.26,S100A9,-0.63,IGHD,0.06,TCF7,3.0,DLGAP5,6.95,LINC00996,21.88,ELL2,23.25,SLAMF1,11.21,CREB3L2,8.9,GPRIN3,67.92
43,CRNDE,15.57,KIFC1,23.92,BAALC,6.82,CDCA7,40.14,MELK,15.61,SDR16C5,3.61,UBE2C,-0.64,PECAM1,10.02,CENPF,-17.61,IFI44L,-0.69,EBI3,0.06,CD69,2.89,E2F1,6.85,ITGAX,19.3,CCR7,22.26,TP63,10.59,HMGB2,8.26,ATP2B4,64.12
44,STMN1,14.38,CDCA5,23.91,CD34,6.67,SCD5,39.59,DLL4,14.49,SLC11A1,3.55,TNFRSF13B,-0.81,IL6R,9.99,BIRC5,-18.41,CDC25B,-0.79,RRBP1,0.03,LEF1,2.85,PKM,6.73,IGHE,18.27,BRIP1,22.24,PKM,10.34,TMEM52,8.25,NFKBIA,63.83
45,AP000345.2,13.65,LEF1,23.79,E2F1,6.43,CDCA3,39.17,SNCA,13.19,ACTG1,3.52,BAALC,-0.82,SMIM3,8.89,CRNDE,-18.63,LILRB2,-0.87,ENC1,0.0,CDCA7,2.83,ASF1B,6.7,SOX5,18.22,PAG1,22.06,CXCR3,10.3,IGF1,7.97,PYCR1,60.86
46,MYBL2,13.32,E2F7,23.77,HIST1H2BJ,6.18,MKI67,38.73,PAG1,12.86,ITGAX,3.04,JCHAIN,-0.96,CD99,8.82,SPC25,-19.16,STMN1,-1.08,MAST4,-0.02,GPRIN3,2.71,KIF23,6.68,HERPUD1,17.44,DNAH8,20.85,RPS2,10.2,AL353753.1,7.57,TIMP1,56.01
47,KLF6,13.31,KIF4A,23.49,ENOSF1,6.17,PCLAF,38.22,SOCS2,12.75,FOS,3.03,MIR155HG,-1.12,FCGR3A,8.81,HMGB2,-20.75,KIF14,-1.22,SELENOM,-0.03,AEBP1,2.55,ZNF704,6.66,LMNA,14.63,BCL2A1,20.59,SLC7A5,10.18,MCL1,7.55,IRF4,55.57
48,DIAPH3,13.07,CDCA2,23.25,CKAP2L,6.14,PLD4,38.21,AKAP12,12.3,NEK6,2.98,TCF7,-1.29,ANLN,8.73,HOPX,-21.01,IRAK3,-1.39,CST3,-0.05,MNDA,2.33,CCNA2,6.64,IL7R,13.82,SEC11C,20.44,SLC11A1,9.53,BCL11B,7.26,CDK6,55.34
49,WFS1,11.22,NIBAN1,22.54,SPC25,5.8,IRF4,38.19,E2F1,11.29,BIRC5,2.81,RGCC,-1.49,TSHZ2,8.73,CD1C,-21.99,CST3,-1.53,IGHE,-0.05,DNAH8,1.94,IRF4,6.63,IGHA2,12.14,MUC16,18.65,ACTG1,9.47,VDR,7.2,HERPUD1,55.2
50,ITGB1,9.98,ADGRE2,22.0,IL7R,5.62,AP000345.2,38.08,MS4A6A,11.2,NLRP3,2.65,KIF14,-1.55,FAS,8.69,PLK4,-22.19,TNFRSF4,-1.7,SHANK3,-0.07,CD86,1.92,NEIL3,6.6,CXCR3,11.88,CD69,18.56,ELL2,9.2,SRGN,6.57,TXNDC5,54.49
51,SPC25,8.48,KANK2,21.88,MELK,5.24,CCNE1,37.94,TMEM52,10.3,PCDH9,2.6,FCRL5,-1.82,ALPL,8.58,CD34,-22.23,PHACTR3,-1.81,FXYD2,-0.08,PYCR1,1.91,ARPP21,6.46,SLC7A5,11.82,HERPUD1,18.34,AREG,8.8,TSHZ2,6.44,HIPK2,53.76
52,E2F1,7.7,ARPP21,21.58,LINC00114,5.1,AC011603.2,37.75,SH3BGRL3,8.3,SMIM3,2.59,ITGB1,-1.82,PKM,8.56,HERPUD1,-22.72,ID2,-2.12,ACTG1,-0.08,NR4A2,1.82,ENOSF1,6.32,IFNAR2,10.8,COL18A1,17.92,CD1C,8.68,PYCR1,6.28,LMNB1,51.45
53,TNFRSF1B,5.73,SOCS2,21.57,IFNAR2,5.02,IL7R,36.37,CDCA7,8.25,SIGLEC6,2.47,TSHZ2,-1.86,HOPX,8.38,DEPDC1B,-22.77,SLAMF1,-2.29,FOS,-0.09,LMNA,1.82,CEP55,6.24,TFEC,10.79,LINC02384,17.85,PIF1,8.61,MERTK,6.24,CHPF,49.72
54,TPX2,5.7,SPC25,21.05,LINC00472,4.55,HJURP,36.37,FOS,7.86,RASSF6,2.37,CDK1,-2.06,MAST4,8.25,FGR,-22.94,SEMA7A,-2.4,CDK1,-0.09,PLD4,1.54,MME,6.01,STX11,9.42,ACTB,16.88,RRBP1,8.6,DNAH8,5.79,RGCC,46.22
55,E2F2,5.58,ATP2B4,21.0,DENND6B,4.5,E2F8,36.27,CEP55,7.01,MIR155HG,2.33,IGHA2,-2.19,CD86,8.16,RNF152,-23.18,SLC11A1,-2.65,FCRL5,-0.1,FLNA,1.37,PCLAF,5.97,IL5RA,9.33,SELENOM,16.86,FAS,7.21,FCGR3A,5.61,MYBL2,46.1
56,BUB1B,5.3,NEK2,20.66,CD38,4.35,ASF1B,35.96,CTNNAL1,7.01,TYROBP,2.03,SDC1,-2.21,TNFSF9,7.85,CKB,-23.24,DEPDC1B,-2.88,TXNDC5,-0.12,HOPX,1.36,SPC25,5.92,LMNB1,8.64,SH3BGRL3,16.29,HOPX,6.92,CD99,5.57,CTNNAL1,45.92
57,PCLAF,5.23,CDC6,20.44,ASF1B,4.22,NEK2,35.91,ADGRE2,6.89,RAB31,1.97,PLK4,-2.38,CD1C,7.43,SEC11C,-23.3,CHPF,-2.94,LCN2,-0.13,TNFSF9,1.36,CCNE1,5.76,SEC11C,8.51,ZNF331,15.51,BCL2A1,6.87,NUGGC,5.53,AMPD1,45.31
58,RAG1,5.12,CRNDE,20.33,TPX2,4.17,SYNC,35.77,GNAQ,6.78,SSPN,1.47,ACTG1,-2.45,LDLR,7.4,HIST1H2BJ,-23.3,DLGAP5,-3.05,KIFC1,-0.19,HMGB2,1.33,AEBP1,5.68,TOX2,8.42,IFI44L,13.65,LILRB2,6.86,LAMP5,5.19,IGHG3,44.96
59,MCM10,4.93,DNTT,20.3,SCN9A,3.93,GTSE1,35.43,ID2,6.48,NCAPH,1.41,KLF6,-2.58,ID2,7.27,PHACTR3,-24.06,KIF23,-3.06,UBE2C,-0.21,TOX2,1.22,SCD5,5.66,CNTLN,8.15,PLD4,12.98,CRIP2,6.61,SH3BGRL3,5.13,NT5DC2,43.9
60,DEPDC1B,4.83,DLGAP5,19.57,ITGB1,3.7,PKM,34.54,PIF1,6.46,LILRB2,1.24,MNDA,-2.62,HMOX1,7.27,TPX2,-24.21,IGHA1,-3.1,S100A9,-0.21,SEC11C,1.18,IQGAP2,5.6,IL6R,7.9,STX11,12.64,CNTLN,6.14,IGHD,4.92,TOX,43.07
61,NFKBIA,4.74,CDK1,19.41,LCN6,3.46,ASPM,34.01,NEIL3,6.45,CNTLN,1.2,RASSF6,-2.92,SLC11A1,7.24,TCN2,-24.31,SDC1,-3.1,ASPM,-0.22,WEE1,1.14,IFNAR2,5.59,ENOSF1,7.77,UBE2C,11.19,EBI3,6.13,NFKBIA,4.71,CKB,41.02
62,FOS,4.45,TPX2,19.27,ANLN,3.45,AL139020.1,33.85,ITGB1,6.35,NFKBIA,1.05,FLNA,-2.98,MS4A6A,7.23,TNFRSF1B,-24.34,NEDD9,-3.3,RASSF6,-0.24,LILRB2,1.14,ACTG1,5.52,MNDA,7.03,EGR1,11.1,NEK6,5.97,LINC02384,4.38,RRAD,40.6
63,MSH6,4.05,AP000345.2,19.23,DLGAP5,3.12,DLGAP5,33.63,CCNE1,5.64,WEE1,0.89,SCN9A,-3.06,E2F7,6.93,DUSP4,-24.38,SEC11C,-3.43,SEC11C,-0.26,NR4A3,1.12,NEK2,5.52,PIF1,6.49,NUGGC,9.63,SCD5,5.44,TRIB1,4.37,CD99,39.52
64,GPRIN3,3.76,ASF1B,19.21,CDCA5,3.01,IFNAR2,33.14,FXYD2,5.43,TFEC,0.87,DEPDC1B,-3.07,C1QC,6.64,NLRP3,-24.46,IGHA2,-3.61,ALPL,-0.31,CNTLN,1.05,ASPM,5.48,IL2RA,5.97,LMNA,8.6,WEE1,5.3,PECAM1,4.18,LAMP3,39.04
65,BRIP1,3.4,KIF23,19.11,AEBP1,2.72,VIM-AS1,33.02,SCN9A,4.18,SHANK3,0.87,LINC01781,-3.08,TFEC,6.49,CDCA2,-24.55,SCN9A,-3.64,JCHAIN,-0.32,TOX,0.91,GNAQ,5.36,SIGLEC6,5.85,IGHE,8.27,NUGGC,5.0,NT5DC2,3.97,AREG,37.51
66,BCL11B,3.25,BAALC,19.07,MCM10,2.56,ADAM23,32.95,UBE2C,3.9,CRIP2,0.67,TESC,-3.1,LAMP3,6.27,SDR16C5,-24.57,HCST,-3.68,BCL11B,-0.32,ID2,0.77,RPS2,5.36,RGCC,5.67,NFKBIA,7.99,NR4A3,4.59,HID1,3.85,MIR155HG,36.76
67,TOX,3.15,CEP55,19.0,RPS2,2.55,CENPF,32.88,JCHAIN,3.85,CXCR3,0.55,NLRP3,-3.1,KLF6,5.78,IL7R,-24.98,KIF4A,-3.92,NLRP3,-0.33,IGHA2,0.73,CDK6,5.26,CCNE1,5.55,LILRB2,7.75,MCL1,4.21,HIST1H2BJ,3.61,ENOSF1,36.32
68,ENC1,3.01,NT5DC2,18.98,DEPDC1B,2.41,MSH6,32.5,E2F8,3.59,TP63,0.2,TNFRSF4,-3.1,MUC16,5.73,CDCA3,-25.04,PIF1,-3.94,LAMP3,-0.36,BMP3,0.64,TPX2,5.24,PLK4,5.1,NR4A3,6.89,KLF6,3.95,EGR1,3.07,IGHG4,36.16
69,DLGAP5,2.77,SMAD1,18.78,PLK4,2.1,CEP55,31.39,SCD5,3.21,LINC01781,-0.01,SH3BGRL3,-3.12,MYO6,5.62,AL353753.1,-25.2,CENPF,-4.1,E2F7,-0.37,IGHE,0.54,HIST1H2BJ,4.9,CEP55,4.49,HOPX,6.57,HMGB2,3.84,SLC7A5,3.06,SCD5,35.85
70,NEK6,2.65,PBK,18.23,JCHAIN,1.83,AEBP1,31.05,DEPDC1B,2.26,CADPS2,-0.17,IGHA1,-3.17,NEAT1,5.29,IGHG1,-25.32,LINC00114,-4.17,AREG,-0.38,PCLAF,0.39,ADAM23,4.89,ACTG1,4.46,IGHA2,6.48,JCHAIN,3.7,TNFRSF1B,2.95,TCN2,34.47
71,ASF1B,2.47,IFNAR2,17.93,FOS,1.81,TPX2,30.43,RPS2,2.01,BAALC,-0.44,IGHE,-3.25,TP63,4.87,CEP55,-25.51,PCDH9,-4.19,IL5RA,-0.39,HIPK2,0.34,CRNDE,4.83,TPX2,3.51,MIR155HG,5.6,NIBAN1,3.61,KCNMA1,2.8,WFS1,34.04
72,MKI67,2.42,CDCA7,17.82,UBE2C,1.72,IQGAP2,30.17,HJURP,1.45,CEP55,-0.68,LAMP3,-3.25,MIR155HG,4.63,TYROBP,-25.93,AC011603.2,-4.28,NR4A3,-0.4,NEAT1,0.26,LAMP5,4.81,ID2,3.3,SMIM3,5.35,NEDD9,3.57,IGHE,2.51,PHACTR3,33.97
73,JCHAIN,2.03,PKM,17.59,KIF4A,1.7,CRIP1,30.12,ZMIZ1,1.28,UBE2C,-0.89,TNFSF9,-3.46,CST3,4.43,C1QC,-25.95,MKI67,-4.36,TNFRSF4,-0.4,CXCR3,0.26,SNCA,4.8,PRDM1,2.54,DUSP4,5.25,HMOX1,3.51,CADPS2,2.11,AL353753.1,32.23
74,ASPM,1.83,BIRC5,17.37,EGR1,1.44,LEF1,27.74,CDC6,0.88,PECAM1,-0.95,LINC00114,-3.54,SCN9A,4.21,AURKB,-26.07,KIFC1,-4.42,RGCC,-0.41,SLC7A5,0.23,SH3BGRL3,4.72,E2F2,2.32,NEAT1,4.81,ADGRE2,3.07,IL7R,2.11,FOS,31.83
75,E2F7,1.6,HJURP,16.74,ASPM,1.32,CRNDE,27.68,PKM,0.8,TCF7,-1.05,BCL2A1,-3.54,S100A9,4.18,GTSE1,-26.46,CKB,-4.57,EXO1,-0.42,CKB,0.13,MYLK,4.61,CDCA7,2.17,ENOSF1,4.26,DNAH8,3.04,CXCR3,1.63,CRNDE,31.14
76,BMP3,1.46,CCNA2,16.39,LILRB2,1.18,LAMP5,26.9,NEK2,0.56,ZMIZ1,-1.09,CRNDE,-3.59,KIF23,3.88,IGHE,-26.75,IGHE,-4.58,TIMP1,-0.43,LMNB1,0.13,PAG1,4.26,DUSP4,2.05,ITGAX,2.39,KIF23,2.42,MYBL2,1.6,ITGB1,30.22
77,BIRC5,1.25,HIST1H2BJ,15.86,NIBAN1,1.08,STMN1,25.1,CENPF,-0.05,CD1C,-1.14,TRIB1,-3.66,AREG,3.77,NEK2,-26.78,TNFRSF1B,-4.62,SDR16C5,-0.45,CCNE1,0.11,E2F8,4.15,ACTB,1.97,VIM-AS1,-0.46,ENOSF1,2.42,SNCA,1.45,TOX2,27.21
78,CLSPN,1.14,STMN1,15.68,TTLL7,1.03,ID2,24.59,GTSE1,-0.16,BAIAP3,-1.51,CENPF,-3.68,LILRB2,3.77,CCNA2,-27.24,PKM,-4.62,DNTT,-0.46,NLRP3,0.03,AKAP12,4.09,SELENOM,1.76,FXYD2,-0.62,SMIM3,1.87,NEDD9,0.82,CST3,26.39
79,E2F8,1.07,E2F8,15.09,E2F7,1.03,FOS,22.85,HMGB2,-0.33,MCL1,-1.61,SLC11A1,-3.78,HERPUD1,3.58,LCN2,-27.51,TCN2,-4.69,IGHA2,-0.47,SLAMF1,0.01,LEF1,3.97,KIF23,1.62,SLC7A5,-0.74,BCL11B,1.86,SLC11A1,0.79,PIF1,26.29
80,NEIL3,1.06,CLSPN,14.76,CREB3L2,1.0,BIRC5,22.39,BAIAP3,-0.37,CCNE1,-1.92,CD99,-3.79,RRBP1,3.49,HJURP,-27.54,HIST1H2BJ,-4.94,IFI44L,-0.49,PAG1,0.01,HCST,3.92,DUSP2,1.33,S100A9,-1.12,AEBP1,1.76,UBE2C,0.78,TNFAIP3,25.98
81,CREB3L2,0.9,CD38,14.73,ADAM23,0.87,BEST3,22.09,IGHE,-0.42,PHACTR3,-2.03,TPX2,-3.86,MKI67,3.44,KIFC1,-27.62,BIRC5,-5.02,LINC00114,-0.5,IQGAP2,0.0,ID2,3.88,UBE2C,1.3,RGCC,-1.13,MYO6,1.38,SMIM3,0.63,MIR181A1HG,23.95
82,AMPD1,0.85,ID2,14.72,DIAPH3,0.84,HIST1H2BJ,21.74,KIFC1,-0.47,GNAQ,-2.12,CDCA5,-3.9,ITGA8,3.43,FOS,-27.68,GTSE1,-5.24,PAG1,-0.5,CST3,-0.04,FOS,3.79,EGR1,1.2,IFNAR2,-1.28,UBE2C,0.95,PLEK,0.62,AC104024.1,21.77
83,SYNC,0.74,CD99,14.41,NEK6,0.84,DNTT,21.35,S100A9,-0.8,ENC1,-2.18,RAB31,-4.13,CXCR3,3.3,CHPF,-28.47,SRGN,-5.28,AC011603.2,-0.52,SMIM3,-0.09,ZMIZ1,3.77,TNFRSF13B,1.11,DUSP2,-1.69,DEPDC1B,0.71,EYA2,0.38,HMGB2,20.33
84,NEK2,0.66,CCNE1,14.23,CST3,0.84,MYLK,20.73,TNFRSF1B,-1.01,RRBP1,-2.57,NEK2,-4.15,LMNA,2.95,E2F8,-28.62,DUSP4,-5.35,FCGR3A,-0.52,JCHAIN,-0.09,DLL4,3.72,CRNDE,0.74,PCLAF,-1.71,SEC11C,0.49,DNTT,0.28,IGHG1,19.73
85,IGHE,0.61,CDCA8,14.22,RRM2,0.8,RAG1,19.71,ANLN,-1.33,DUSP2,-2.58,BIRC5,-4.18,SLAMF1,2.61,KIF14,-28.79,CCNA2,-5.42,BIRC5,-0.53,IGF1,-0.14,TOX2,3.68,MIR155HG,0.74,DENND6B,-2.13,CCNE1,0.16,RGCC,0.25,MAST4,18.05
86,RRBP1,0.53,VPREB1,13.53,LMNB1,0.45,CD38,17.99,ENOSF1,-1.88,ADGRE2,-2.7,CCNE1,-4.19,DEPDC1B,2.52,ASPM,-28.91,IQGAP2,-5.44,IGHA1,-0.53,ENC1,-0.21,CENPF,3.65,SMIM3,0.54,HMGB2,-2.4,FXYD2,0.03,SLAMF1,0.23,LINC00996,17.73
87,EXO1,0.23,CDCA3,12.84,VIM-AS1,0.09,AKAP12,17.49,KIF23,-1.95,SOX5,-2.73,NEK6,-4.2,ENC1,2.26,PCLAF,-29.03,CD34,-5.51,CDCA3,-0.54,VDR,-0.21,BEST3,3.5,BUB1B,0.36,HCK,-2.41,ACTB,0.01,AMPD1,-0.01,DLGAP5,15.75
88,CCNE1,-0.03,LCN6,12.07,TNFRSF1B,0.03,CDK6,17.15,SLC11A1,-2.15,SH3BGRL3,-2.75,SSPN,-4.26,CDK1,2.18,TRIB1,-29.14,E2F2,-5.52,PLD4,-0.58,S100A9,-0.22,RRBP1,3.44,GPRIN3,0.25,SLC11A1,-2.54,DUSP2,-0.07,FCRL5,-0.01,RPS2,14.98
89,MELK,-0.25,CD34,11.91,S100A9,-0.03,GNAQ,15.31,TNFRSF4,-2.36,DLGAP5,-2.77,MUC16,-4.28,NEK6,2.15,ID2,-29.28,IGHG1,-5.57,SCN9A,-0.58,TNFRSF1B,-0.23,NIBAN1,3.34,NEK2,0.19,CTNNAL1,-2.59,LDLR,-0.11,LINC00114,-0.04,IGHE,14.41
90,TTLL7,-0.59,SYNC,10.42,IGHE,-0.11,PIF1,15.14,CNTLN,-2.41,NEAT1,-2.8,CLSPN,-4.34,CYTOR,2.15,RRAD,-29.58,CD1C,-5.69,AEBP1,-0.59,CYTOR,-0.26,GPR176,3.28,LCN6,0.18,TNFAIP3,-2.73,IGHE,-0.17,CDC6,-0.08,TNFRSF4,14.14
91,NR4A3,-0.75,SCN9A,9.96,TRIB1,-0.19,SNCA,15.0,SEC11C,-2.41,S100A9,-3.1,LCN2,-4.4,RGCC,1.99,BCL11B,-29.67,FGR,-5.73,IL7R,-0.59,SLC11A1,-0.29,TCF7,3.07,CYTOR,0.03,CD99,-2.78,VIM-AS1,-0.39,FXYD2,-0.21,CD38,13.96
92,KIF14,-0.75,AC011603.2,9.43,CDC25A,-0.25,NT5DC2,14.77,CKAP2L,-2.45,IGHA2,-3.21,BCL11B,-4.42,CRIP1,1.93,KIF4A,-29.72,SNCA,-5.74,MCM10,-0.59,ITGAX,-0.3,SYNC,3.03,CDC25A,-0.09,SDR16C5,-3.23,TPX2,-0.65,AEBP1,-0.22,NIBAN1,13.42
93,PLK4,-0.8,LINC00114,9.09,SEC11C,-0.36,NIBAN1,14.73,EGR1,-2.56,AC104024.1,-3.27,SIGLEC6,-4.43,TNFRSF13B,1.92,PIF1,-29.81,RRAD,-5.75,PRDM1,-0.6,CDCA3,-0.41,SLC7A5,3.02,KCNMA1,-0.12,IL5RA,-3.36,KIF14,-0.74,ASPM,-0.89,IFNAR2,13.08
94,CST3,-0.85,GTSE1,8.21,TYROBP,-0.38,TOX2,14.17,MKI67,-2.81,CDCA3,-3.43,CXCR3,-4.51,TCN2,1.91,WFS1,-30.5,BCL11B,-5.77,LINC00472,-0.61,SDC1,-0.5,NFKBIA,3.0,LDLR,-0.19,TNFRSF4,-3.81,IGHG3,-0.85,MKI67,-0.98,BAALC,12.62
95,PKM,-0.98,RAG1,7.48,NT5DC2,-0.58,GPR176,12.37,CLSPN,-2.91,TIMP1,-3.44,LILRA4,-4.52,EBI3,1.41,AMPD1,-30.88,CEP55,-5.88,CKB,-0.62,DEPDC1B,-0.53,BIRC5,2.92,CD69,-0.34,SRGN,-3.9,SEMA7A,-0.85,KIFC1,-1.09,RAB31,11.98
96,IGHA1,-1.04,AURKB,7.25,CDCA8,-0.64,RPS2,12.18,LINC00114,-3.39,ITGA8,-3.47,LMNA,-4.54,ZNF331,1.31,DLGAP5,-30.97,CDCA8,-5.89,FAS,-0.64,HJURP,-0.53,LDLR,2.86,BCL2A1,-0.48,EYA2,-4.51,TIMP1,-1.15,CKAP2L,-1.23,DUSP4,8.13
97,EGR1,-1.07,VIM-AS1,6.78,MS4A6A,-0.76,ZMIZ1,12.08,CRNDE,-3.5,MKI67,-3.58,CD34,-4.56,RNF152,1.12,GPR176,-31.49,WFS1,-5.89,HID1,-0.64,NT5DC2,-0.58,HMGB2,2.85,FXYD2,-0.62,TSHZ2,-4.58,CD70,-1.18,LCN2,-1.24,TESC,7.98
98,CCNA2,-1.26,IL7R,6.35,BCL11B,-0.92,HCK,11.88,CST3,-3.86,IL2RA,-3.67,IGF1,-4.58,PRDM1,1.06,NR4A2,-31.51,SPC25,-5.9,CD38,-0.64,LDLR,-0.6,PIF1,2.83,HMGB2,-0.67,CST3,-5.02,E2F7,-1.21,GNAQ,-1.39,DUSP2,7.52
99,TCN2,-1.27,AMPD1,6.11,TNFRSF4,-0.99,SH3BGRL3,11.13,LAMP3,-3.96,NIBAN1,-3.86,MAST4,-4.69,KIF4A,0.89,STMN1,-31.56,AL353753.1,-6.01,CD34,-0.64,UBE2C,-0.62,NT5DC2,2.76,CHPF,-0.77,CKB,-5.63,S100A9,-1.29,SHANK3,-1.41,UBE2C,5.46
100,CKAP2L,-1.34,MSH6,5.83,IGHA1,-1.05,HMGB2,11.1,BUB1B,-3.97,AREG,-3.87,PECAM1,-4.7,CENPF,0.83,MKI67,-31.57,KLF6,-6.04,AURKB,-0.65,GPR176,-0.63,IGHA2,2.65,CDCA2,-0.86,NCAPH,-5.66,IGHA2,-1.42,TP63,-1.49,GPR176,5.34
101,DLL4,-1.41,RRBP1,5.35,STMN1,-1.07,LDLR,10.93,DUSP4,-4.11,WFS1,-4.02,TBXAS1,-4.71,DENND6B,0.82,AC011603.2,-31.58,ANLN,-6.11,NEDD9,-0.68,LINC02384,-0.64,AC011603.2,2.6,VIM-AS1,-0.89,LCN6,-5.88,LINC02384,-1.8,TOX2,-1.54,TBXAS1,5.2
102,CDC25A,-1.49,ENC1,4.61,PCDH9,-1.1,PAG1,10.04,E2F7,-4.29,DEPDC1B,-4.39,CKB,-4.72,ADGRE2,0.81,CDK1,-31.61,SOCS2,-6.11,HMGB2,-0.69,IGHA1,-0.65,VDR,2.59,S100A9,-1.15,MCL1,-5.88,CST3,-1.81,BAALC,-1.58,CCNE1,5.06
103,HJURP,-1.51,WEE1,4.53,IRF4,-1.12,VDR,7.91,IGHA1,-4.3,GPR176,-4.57,CD1C,-4.82,HIPK2,0.73,IGHG4,-31.9,SDR16C5,-6.21,GTSE1,-0.69,CDC6,-0.65,GPRIN3,2.47,CST3,-1.3,CLSPN,-6.24,EGR1,-1.86,AC104024.1,-1.58,SMIM3,4.28
104,CDK1,-1.63,CHPF,3.83,DUSP2,-1.23,FXYD2,7.13,DUSP2,-4.56,PEG10,-4.57,SLAMF1,-4.83,MERTK,0.56,FCGR3A,-32.02,RPS2,-6.34,AL353753.1,-0.7,BAALC,-0.66,TNFAIP3,2.43,DENND6B,-1.33,ASF1B,-6.29,E2F1,-1.88,CLSPN,-1.74,COL18A1,4.25
105,IGHA2,-1.68,ITGB1,3.6,IGHA2,-1.28,SLC7A5,6.74,CKB,-4.62,SCD5,-4.74,GPR176,-4.95,FXYD2,0.46,CDCA8,-32.09,E2F8,-6.53,PCLAF,-0.71,BCL11B,-0.73,CLSPN,2.31,TIMP1,-1.61,HJURP,-6.6,IFI44L,-1.96,S100A9,-1.75,HCST,3.8
106,LINC00472,-1.7,LDLR,3.26,NLRP3,-1.34,ACTG1,6.1,SDC1,-4.67,LINC02384,-4.75,AL353753.1,-4.96,PLK4,0.39,SOCS2,-32.21,ADGRE2,-6.57,TCN2,-0.71,NEIL3,-0.75,SEC11C,2.23,PCLAF,-1.71,NLRP3,-6.74,CKAP2L,-2.16,NIBAN1,-1.98,CXCR3,3.75
107,CEP55,-1.72,DLL4,2.79,AC011603.2,-1.36,ADGRE2,6.1,CDCA8,-4.7,MNDA,-4.85,EXO1,-4.97,TTLL7,0.31,KIF23,-32.39,TIMP1,-6.6,FGR,-0.71,LINC00114,-0.76,MSH6,2.06,CLSPN,-1.76,SDC1,-7.06,FCGR3A,-2.3,ENOSF1,-2.22,TNFRSF13B,3.68
108,TNFRSF4,-1.72,BEST3,2.55,BUB1B,-1.37,CDC25B,5.8,TPX2,-4.81,EGR1,-4.9,TCN2,-4.97,HCK,0.26,CDCA5,-32.43,NLRP3,-6.65,FLNA,-0.73,BIRC5,-0.78,TIMP1,1.94,TNFRSF4,-1.81,CCNE1,-7.29,KIF4A,-2.35,GPR176,-2.33,CDC25A,3.63
109,ADAM23,-1.75,C1QC,1.94,CDC6,-1.47,CLSPN,5.52,RRAD,-4.83,RRAD,-4.94,TOX2,-4.97,DLGAP5,0.14,NFKBIA,-32.65,MUC16,-6.68,LINC00996,-0.74,RRBP1,-0.79,HCK,1.85,MYO6,-2.1,BIRC5,-7.99,CYTOR,-2.51,E2F2,-2.34,S100A9,2.6
110,RRM2,-1.86,CREB3L2,1.84,TCF7,-1.5,TMEM52,5.0,PBK,-5.29,MERTK,-5.34,IGHG1,-5.09,IFI44L,0.03,DLL4,-32.87,CDCA3,-6.68,SOX5,-0.74,AKAP12,-0.82,SCN9A,1.84,LILRB2,-2.21,SCN9A,-8.36,ATP2B4,-2.57,MCM10,-2.42,TNFRSF1B,2.2
111,KIF23,-2.09,GPRIN3,1.65,KIFC1,-1.53,SCN9A,4.23,BCL2A1,-5.73,ID2,-5.45,CDCA2,-5.11,IGHD,-0.2,CDC25A,-33.19,DLL4,-6.72,ITGAX,-0.74,CENPF,-0.83,DNTT,1.74,HMOX1,-2.83,E2F1,-8.71,STX11,-2.61,SCN9A,-2.45,SLC11A1,1.99
112,DUSP2,-2.13,MIR155HG,1.54,LDLR,-1.62,LILRB2,3.9,IGHA2,-5.81,TESC,-5.47,CRIP2,-5.12,KIF14,-0.23,CCNE1,-33.33,CDK1,-6.79,NEK6,-0.75,ENOSF1,-0.83,SHANK3,1.74,CD1C,-2.88,LINC00114,-8.73,SDC1,-2.62,RRAD,-2.53,NCAPH,1.83
113,MIR155HG,-2.2,LILRA4,1.08,IGHG1,-1.69,RNF152,3.71,PYCR1,-6.08,SDC1,-5.49,AMPD1,-5.14,CKAP2L,-0.35,AP000345.2,-33.46,AEBP1,-6.8,CDC6,-0.77,CEP55,-0.86,AREG,1.69,SDC1,-2.91,PHACTR3,-8.83,ID2,-2.64,ID2,-2.68,IGHA2,0.62
114,IGHG1,-2.27,WFS1,0.91,AMPD1,-1.77,PYCR1,3.63,ENC1,-6.14,AMPD1,-5.54,PHACTR3,-5.15,CREB3L2,-0.56,MS4A6A,-33.49,LCN2,-6.85,MIR155HG,-0.78,SCN9A,-0.88,ERG,1.59,CKB,-3.11,IGHA1,-8.88,TNFRSF4,-2.72,SDR16C5,-2.87,CLSPN,0.5
115,UBE2C,-2.29,FOS,0.9,BRIP1,-1.77,TTLL7,3.49,ASPM,-6.95,LMNA,-5.61,KIF23,-5.17,FCRL3,-0.74,VIM-AS1,-33.63,AURKB,-6.86,LILRA4,-0.79,E2F8,-0.89,WFS1,1.53,CENPF,-3.12,ENC1,-9.35,MCM10,-2.8,DLGAP5,-2.93,IGHA1,0.49
116,IRAK3,-2.34,CD69,0.68,CKB,-1.78,JCHAIN,2.61,PCLAF,-7.1,NR4A2,-5.78,ASPM,-5.26,IL2RA,-0.84,TTLL7,-33.64,CD99,-6.87,CDCA2,-0.79,CADPS2,-0.91,RNF152,1.51,SEMA7A,-3.15,LMNB1,-9.38,CENPF,-2.98,MAST4,-2.95,FXYD2,0.31
117,CHPF,-2.36,IRF4,0.56,AL353753.1,-1.91,AMPD1,2.42,ASF1B,-7.19,BEST3,-6.07,HIST1H2BJ,-5.32,SOCS2,-0.93,NEIL3,-33.76,AP000345.2,-6.91,IGHG1,-0.8,HERPUD1,-0.94,HMOX1,1.46,IGHA1,-3.56,HCST,-9.57,CLSPN,-3.14,COL18A1,-3.01,CDC6,0.27
118,SDC1,-2.36,TNFRSF1B,0.48,GTSE1,-1.92,TNFRSF4,1.99,AURKB,-7.24,TRIB1,-6.09,HCST,-5.37,CNTLN,-0.95,MCM10,-33.98,ENC1,-6.91,TRIB1,-0.81,CHPF,-0.96,CST3,1.44,SCN9A,-3.82,AL353753.1,-9.73,GNAQ,-3.16,BCL2A1,-3.14,HIST1H2BJ,0.16
119,CDCA5,-2.38,EGR1,0.26,TCN2,-1.94,SMAD1,1.84,CDC25A,-7.27,PKM,-6.2,MYO6,-5.41,EGR1,-1.12,PBK,-34.02,ASPM,-6.94,ITGA8,-0.82,BUB1B,-0.96,STMN1,1.38,LINC00114,-3.83,AURKB,-10.25,LINC00114,-3.18,FAS,-3.18,SOCS2,-0.4
120,RRAD,-2.45,SLC7A5,0.16,SDR16C5,-1.97,LINC00472,1.48,PHACTR3,-7.31,SRGN,-6.31,CDC25A,-5.43,TNFRSF4,-1.24,MNDA,-34.64,RNF152,-6.99,SDC1,-0.82,DIAPH3,-0.98,BCL11B,1.38,ADGRE2,-3.88,PIF1,-10.5,ASF1B,-3.3,STX11,-3.22,PLEK,-0.42
121,IGHG4,-2.57,HMOX1,0.16,BMP3,-2.07,BMP3,1.32,TIMP1,-7.43,KIF4A,-6.38,WEE1,-5.45,IGHG3,-1.26,IGHG3,-34.7,CRNDE,-7.0,E2F8,-0.83,CD34,-0.98,IGHA1,1.34,AMPD1,-3.91,CENPF,-10.52,FOS,-3.32,NCAPH,-3.23,TYROBP,-0.68
122,RASSF6,-2.63,PYCR1,-0.0,RRBP1,-2.13,TIMP1,1.22,TCN2,-7.48,SEC11C,-6.44,CDCA3,-5.58,LMNB1,-1.55,PYCR1,-34.96,MYBL2,-7.17,FCER1G,-0.83,RAB31,-0.98,SOCS2,1.3,BIRC5,-4.08,TPX2,-10.59,HERPUD1,-3.33,BIRC5,-3.26,ZMIZ1,-1.87
123,LAMP3,-2.64,IGHE,-0.01,PKM,-2.18,S100A9,0.84,NT5DC2,-7.56,IGHG3,-6.71,CD70,-5.67,TNFRSF1B,-1.57,NT5DC2,-35.25,AMPD1,-7.29,TYROBP,-0.84,MCM10,-0.99,BAALC,1.2,ASPM,-4.17,DLGAP5,-10.72,SPC25,-3.39,CENPF,-3.45,SCN9A,-2.21
124,AL353753.1,-2.65,S100A9,-0.6,CDCA3,-2.19,PHACTR3,0.52,BIRC5,-7.65,MYO6,-7.02,PRDM1,-5.7,BEST3,-1.65,CDC6,-35.3,PBK,-7.37,CEP55,-0.84,ASPM,-1.0,RAG1,1.14,AC104024.1,-4.88,KLF6,-10.77,CREB3L2,-3.48,CD34,-3.62,BUB1B,-2.54
125,TRIB1,-2.72,SH3BGRL3,-0.63,BCL2A1,-2.21,IGHE,0.43,AL353753.1,-7.69,KIF14,-7.31,GTSE1,-5.7,PCDH9,-1.67,TIMP1,-35.74,CDCA5,-7.38,IGHG4,-0.85,IGHG1,-1.01,CXCR3,1.13,SLC11A1,-4.9,PLK4,-11.5,CHPF,-3.49,RRM2,-3.65,C1QC,-2.6
126,SDR16C5,-2.74,TMEM52,-0.74,LCN2,-2.22,RRBP1,0.31,CDK1,-7.78,LINC00114,-7.31,SOCS2,-5.77,CLSPN,-1.83,MUC16,-35.82,CDC6,-7.51,PLK4,-0.86,PBK,-1.02,FLNA,1.13,KLF6,-4.93,SLAMF7,-11.61,NT5DC2,-3.5,PIF1,-3.67,CDCA3,-2.74
127,CDCA2,-2.84,TRIB1,-0.81,E2F8,-2.23,CD34,0.18,IGHG1,-7.84,CKAP2L,-7.39,CEP55,-5.82,BAIAP3,-1.88,CDCA7,-35.87,SHANK3,-7.52,PHACTR3,-0.87,CLSPN,-1.03,RGCC,1.13,CD34,-4.94,CCNA2,-11.79,TBXAS1,-3.52,CD1C,-3.74,CKAP2L,-2.88
128,NLRP3,-2.87,IGHA1,-0.97,CHPF,-2.25,SEC11C,-0.03,TTLL7,-7.91,JCHAIN,-7.45,E2F8,-5.87,ENOSF1,-2.09,TNFSF9,-36.05,C1QC,-7.54,ID2,-0.89,NEK2,-1.04,SRGN,1.02,JCHAIN,-4.95,CHPF,-12.02,SCN9A,-3.56,LMNB1,-3.75,BIRC5,-3.08
129,MYO6,-2.94,LAMP3,-1.02,SDC1,-2.26,WFS1,-0.09,SDR16C5,-7.94,SLAMF1,-7.46,SHANK3,-5.94,CADPS2,-2.23,BMP3,-36.17,ACTG1,-7.61,RRAD,-0.89,TCN2,-1.05,LMNA,0.99,CKAP2L,-4.97,CD34,-12.08,IGHA1,-3.58,DUSP4,-3.92,ID2,-3.31
130,HID1,-2.95,RAB31,-1.06,CEP55,-2.29,RGCC,-0.14,KIF4A,-7.96,SCN9A,-7.53,CHPF,-5.95,KCNMA1,-2.3,EXO1,-36.18,LCN6,-7.62,NEK2,-0.89,AL353753.1,-1.07,KLF6,0.97,E2F7,-5.04,ID2,-12.18,BIRC5,-3.59,CDCA3,-3.98,LINC00114,-3.42
131,CDCA3,-3.02,CST3,-1.08,PHACTR3,-2.35,WEE1,-0.26,LMNB1,-8.0,IGHA1,-7.61,KIF4A,-5.99,LINC00996,-2.43,E2F7,-36.26,TYROBP,-7.69,HJURP,-0.89,CDK1,-1.08,S100A9,0.87,MKI67,-5.11,HMOX1,-12.4,NLRP3,-3.66,PHACTR3,-4.02,CEP55,-3.72
132,MS4A6A,-3.04,TTLL7,-1.09,HJURP,-2.35,DENND6B,-0.57,AMPD1,-8.08,CCNA2,-7.62,PCLAF,-6.1,TOX,-2.47,ERG,-36.44,EXO1,-7.77,IGHG3,-0.9,SDR16C5,-1.08,DENND6B,0.84,IGHG3,-5.14,AREG,-12.64,HJURP,-3.89,GTSE1,-4.06,SDR16C5,-3.73
133,PBK,-3.17,NEK6,-1.09,RRAD,-2.41,RRAD,-0.63,RNF152,-8.17,CKB,-7.63,IGHG3,-6.1,TOX2,-2.58,CKAP2L,-36.48,HJURP,-7.82,TMEM52,-0.92,DENND6B,-1.09,MCL1,0.83,MCL1,-5.21,MYO6,-12.74,CKB,-3.91,TTLL7,-4.1,FAS,-3.74
134,PHACTR3,-3.26,IL6R,-1.16,FCGR3A,-2.45,CST3,-0.67,CD34,-8.35,ATP2B4,-7.75,HJURP,-6.1,SLAMF7,-2.65,CD38,-36.66,AL139020.1,-7.86,PIF1,-0.92,VPREB1,-1.09,CREB3L2,0.77,CDCA8,-5.22,HID1,-12.8,BUB1B,-3.93,PBK,-4.22,LAMP5,-3.76
135,LCN2,-3.44,TNFRSF4,-1.24,C1QC,-2.48,TNFRSF1B,-0.77,CREB3L2,-8.35,CST3,-7.89,BUB1B,-6.14,MCM10,-2.74,FCER1G,-36.9,IGHG4,-7.87,CYTOR,-0.93,IGHG3,-1.1,ATP2B4,0.71,GTSE1,-5.25,TCN2,-12.97,SDR16C5,-4.02,E2F8,-4.29,GTSE1,-3.79
136,MERTK,-3.44,NR4A3,-1.35,HCST,-2.49,SLC11A1,-1.08,CDCA3,-8.47,ACTB,-7.9,CDCA8,-6.15,DNAH8,-2.76,BUB1B,-37.27,BAALC,-7.88,BCL2A1,-0.93,LCN2,-1.13,TMEM52,0.67,AURKB,-5.31,C1QC,-13.04,CD69,-4.07,CEP55,-4.31,AKAP12,-3.8
137,C1QC,-3.44,IGHA2,-1.39,PIF1,-2.49,BAALC,-1.14,CDCA2,-8.64,TNFRSF4,-7.96,IGHG4,-6.23,IGHE,-3.1,SHANK3,-37.46,IGHG3,-7.92,TESC,-0.94,MYO6,-1.13,PECAM1,0.6,KIF14,-5.33,DLL4,-13.14,RRAD,-4.07,TFEC,-4.42,LCN2,-4.05
138,PIF1,-3.48,NLRP3,-1.47,LAMP5,-2.49,SOCS2,-1.54,LCN2,-8.74,FLNA,-7.98,MKI67,-6.3,IGHA2,-3.16,ANLN,-37.56,TPX2,-7.94,BAALC,-0.95,KIFC1,-1.13,LILRA4,0.58,AL353753.1,-5.37,GTSE1,-13.22,CD34,-4.11,NEK2,-4.43,MCM10,-4.09
139,CDC6,-3.48,SDC1,-1.61,LAMP3,-2.52,EGR1,-1.81,CCNA2,-8.75,COL18A1,-8.08,TIMP1,-6.33,IL5RA,-3.17,AKAP12,-37.65,PYCR1,-8.09,MKI67,-0.96,RRM2,-1.14,ADGRE2,0.57,CDK1,-5.38,ASPM,-13.29,GPRIN3,-4.17,DUSP2,-4.43,CENPF,-4.17
140,IRF4,-3.53,DUSP2,-1.63,IGHG4,-2.54,IGHA1,-2.05,BCL11B,-8.79,KIF23,-8.15,SPC25,-6.37,COL18A1,-3.17,SIGLEC6,-37.72,CKAP2L,-8.11,LMNA,-0.96,CD99,-1.14,IGHE,0.5,BCL11B,-5.4,BAALC,-13.44,KIFC1,-4.2,HJURP,-4.44,ADGRE2,-4.52
141,DUSP4,-3.58,IGHG1,-1.75,DLL4,-2.61,CHPF,-2.19,MCM10,-8.85,CRNDE,-8.23,HIPK2,-6.4,LILRA4,-3.23,ENC1,-37.76,BMP3,-8.14,DLL4,-0.96,DLL4,-1.15,AC104024.1,0.44,TCN2,-5.41,CDCA8,-13.48,LAMP3,-4.23,ITGB1,-4.53,DLL4,-4.58
142,CD1C,-3.63,FCGR3A,-1.82,CD1C,-2.62,HID1,-2.21,DIAPH3,-8.9,BCL2A1,-8.3,RRAD,-6.41,NCAPH,-3.36,RRM2,-38.14,MS4A6A,-8.19,DLGAP5,-0.97,CDCA5,-1.16,TTLL7,0.44,HCK,-5.45,E2F8,-13.48,DLL4,-4.26,AREG,-4.53,CD34,-4.65
143,BCL2A1,-3.66,KLF6,-1.83,CDK1,-2.66,IGHA2,-2.44,RASSF6,-8.99,RGCC,-8.31,CDC6,-6.43,SDC1,-3.37,CD99,-39.49,TRIB1,-8.34,PECAM1,-0.97,TPX2,-1.16,CYTOR,0.43,ASF1B,-5.55,NEK2,-13.56,AL353753.1,-4.45,MIR181A1HG,-4.54,FCER1G,-4.84
144,IGHG3,-3.73,ADAM23,-1.87,DUSP4,-2.81,CREB3L2,-2.45,CD1C,-9.0,LAMP3,-8.5,NR4A2,-6.43,JCHAIN,-3.4,CDC25B,-39.53,CDCA7,-8.37,ERG,-0.98,CRNDE,-1.16,EGR1,0.34,CDC25B,-5.57,SYNC,-13.59,C1QC,-4.49,AURKB,-4.57,KIF14,-4.9
145,AURKB,-3.74,PIF1,-1.91,BIRC5,-2.86,ERG,-2.98,LILRB2,-9.04,HID1,-8.57,PBK,-6.43,VDR,-3.42,DIAPH3,-39.85,ADAM23,-8.42,CHPF,-0.99,LAMP3,-1.17,ITGB1,0.31,LAMP3,-5.64,BCL11B,-13.79,TCN2,-4.5,NEIL3,-4.63,E2F2,-4.91
146,KIFC1,-3.78,BMP3,-1.96,RASSF6,-2.86,ENC1,-3.07,EXO1,-9.11,EXO1,-8.67,DLGAP5,-6.46,TXNDC5,-3.46,TMEM52,-39.97,ERG,-8.54,GPR176,-0.99,CDCA8,-1.18,IGHG4,0.29,IGF1,-5.74,LCN2,-13.84,LCN2,-4.57,SOCS2,-4.81,NLRP3,-4.94
147,FCGR3A,-3.93,TNFSF9,-1.98,MUC16,-2.91,SDC1,-3.14,CHPF,-9.24,TPX2,-8.77,TTLL7,-6.54,LINC00114,-3.51,MYLK,-40.02,CDCA2,-8.55,SCNN1B,-1.0,AP000345.2,-1.19,TRIB1,0.29,LCN2,-5.83,IGHG3,-14.02,CDC25A,-4.61,LILRB2,-4.87,VIM-AS1,-5.02
148,CDCA8,-3.97,TCN2,-1.99,KIF23,-2.93,CADPS2,-3.37,SIGLEC6,-9.43,NUGGC,-8.77,AC104024.1,-6.58,HMGB2,-3.55,E2F1,-40.13,AKAP12,-8.57,MSH6,-1.01,PIF1,-1.21,CADPS2,0.26,TYROBP,-5.85,ACTG1,-14.03,ASPM,-4.76,KIF23,-4.88,EGR1,-5.21
149,MUC16,-4.04,AL353753.1,-2.0,PBK,-2.94,ITGB1,-3.41,ERG,-9.62,SOCS2,-8.82,CYTOR,-6.66,SOX5,-3.58,HMOX1,-40.4,ELL2,-8.73,CDCA7,-1.01,HMOX1,-1.23,AL139020.1,0.26,CDCA3,-5.89,FCGR3A,-14.14,LMNB1,-4.86,DLL4,-4.97,MUC16,-5.31
150,FCER1G,-4.14,DENND6B,-2.05,IGHG3,-2.95,CD1C,-3.52,BAALC,-9.66,TTLL7,-8.87,ANLN,-6.69,UBE2C,-3.65,HID1,-40.78,FCER1G,-8.73,SSPN,-1.02,MIR181A1HG,-1.25,PYCR1,0.25,CTNNAL1,-5.9,CEP55,-14.46,AMPD1,-4.88,CDK1,-5.1,ANLN,-5.32
151,GTSE1,-4.18,SDR16C5,-2.07,NEIL3,-2.96,IGHG1,-3.52,IGHD,-9.67,LCN6,-8.91,AP000345.2,-6.72,DUSP4,-3.75,SCNN1B,-41.1,NEIL3,-8.75,CKAP2L,-1.03,SIGLEC6,-1.29,CKB,0.17,MELK,-5.92,CDCA3,-14.47,MUC16,-4.9,ERG,-5.15,BCL11B,-5.34
152,VDR,-4.22,TOX,-2.22,SCNN1B,-2.98,SDR16C5,-3.64,SPC25,-9.77,MCM10,-8.97,ADGRE2,-6.72,IGHA1,-4.0,BEST3,-41.23,MELK,-8.78,TTLL7,-1.04,EXO1,-1.31,LINC00472,0.06,CCNA2,-5.94,ADGRE2,-14.55,GTSE1,-4.9,CDCA5,-5.16,ASPM,-5.45
153,IGF1,-4.31,BCL11B,-2.3,TIMP1,-3.0,DUSP2,-3.69,C1QC,-9.89,TOX2,-9.2,HERPUD1,-6.77,BIRC5,-4.08,MELK,-41.36,FCGR3A,-8.88,NEIL3,-1.05,PHACTR3,-1.31,TNFRSF4,0.04,RRAD,-6.0,IGHG1,-14.6,BEST3,-4.92,AC011603.2,-5.3,LILRB2,-5.49
154,SCNN1B,-4.43,MS4A6A,-2.31,CCNA2,-3.01,TCN2,-3.72,MYO6,-9.98,AL353753.1,-9.67,DLL4,-6.78,TRIB1,-4.16,LILRA4,-41.78,CADPS2,-8.91,KIF23,-1.06,MKI67,-1.31,AMPD1,0.02,HID1,-6.04,CDCA7,-14.67,CRNDE,-4.92,CDCA8,-5.32,KIFC1,-5.51
155,TOX2,-4.48,TOX2,-2.34,ENC1,-3.04,AL353753.1,-3.79,IGHG4,-10.1,CD34,-9.87,DIAPH3,-6.79,CD38,-4.21,ITGA8,-42.57,DIAPH3,-8.98,RNF152,-1.07,ZNF331,-1.33,CDC25B,0.0,E2F1,-6.05,WFS1,-14.7,HID1,-4.97,CDCA7,-5.4,FCGR3A,-5.52
156,LAMP5,-4.52,LCN2,-2.35,AURKB,-3.09,SHANK3,-3.9,TYROBP,-10.14,IL6R,-9.89,AREG,-6.82,CD69,-4.6,SNCA,-42.59,E2F1,-9.0,VDR,-1.08,GNAQ,-1.36,SMAD1,-0.04,NT5DC2,-6.14,BUB1B,-14.71,PBK,-5.03,LCN6,-5.4,AURKB,-5.61
157,AC011603.2,-4.53,BCL2A1,-2.4,PCLAF,-3.1,SMIM3,-4.05,LINC00996,-10.49,IGF1,-9.93,MYLK,-6.84,LINC01781,-4.74,CADPS2,-44.08,GPRIN3,-9.1,WFS1,-1.08,CCNA2,-1.36,NUGGC,-0.08,C1QC,-6.17,PRDM1,-14.78,CDCA3,-5.05,TPX2,-5.41,E2F7,-5.63
158,SEC11C,-4.6,AEBP1,-2.44,FCER1G,-3.16,LCN2,-4.24,RRM2,-10.54,VDR,-10.0,PIF1,-6.85,HIST1H2BJ,-4.78,IGF1,-44.51,PEG10,-9.14,CDCA8,-1.09,SHANK3,-1.36,CD34,-0.08,WFS1,-6.27,KIF14,-14.82,DIAPH3,-5.05,CRNDE,-5.51,SHANK3,-5.83
159,PYCR1,-4.63,PHACTR3,-2.46,SIGLEC6,-3.18,BCL11B,-4.28,GPR176,-10.56,CENPF,-10.09,SCNN1B,-6.89,SIGLEC6,-4.79,KCNMA1,-44.52,SIGLEC6,-9.21,CCNA2,-1.09,AC011603.2,-1.37,LINC00114,-0.1,E2F8,-6.35,KIF23,-14.86,PYCR1,-5.08,RNF152,-5.51,HJURP,-5.83
160,KIF4A,-4.66,TYROBP,-2.47,HID1,-3.18,TCF7,-4.46,SHANK3,-10.59,RNF152,-10.6,ITGAX,-6.89,ERG,-4.83,ADGRE2,-44.66,IL2RA,-9.27,CDCA5,-1.09,AMPD1,-1.37,FXYD2,-0.1,SOCS2,-6.4,KCNMA1,-14.89,NFKBIA,-5.15,CCNA2,-5.55,MKI67,-5.9
161,HMOX1,-4.68,RRAD,-2.53,CDCA2,-3.25,TYROBP,-4.63,LCN6,-10.72,CHPF,-10.6,WFS1,-6.9,CD34,-4.86,VPREB1,-44.97,RRM2,-9.33,PBK,-1.1,NCAPH,-1.39,IGHG1,-0.17,IGHG1,-6.48,TYROBP,-15.02,PLK4,-5.25,NR4A3,-5.58,E2F8,-5.93
162,SIGLEC6,-4.7,IGHG4,-2.56,PYCR1,-3.27,C1QC,-4.74,DLGAP5,-11.02,PCLAF,-10.61,SLC7A5,-6.91,GTSE1,-4.97,RPS2,-45.14,MCM10,-9.44,TP63,-1.1,ZNF704,-1.39,LCN2,-0.21,BAALC,-6.54,AMPD1,-15.46,E2F8,-5.26,BMP3,-5.68,TP63,-5.94
163,LDLR,-4.73,VDR,-2.65,TMEM52,-3.34,NLRP3,-4.75,KIF14,-11.1,TCN2,-10.67,SELENOM,-6.94,AL353753.1,-5.16,LINC00472,-45.28,BUB1B,-9.45,SLAMF7,-1.1,ASF1B,-1.4,SLAMF7,-0.25,PHACTR3,-6.56,LAMP3,-15.51,LMNA,-5.27,LEF1,-5.68,BCL2A1,-5.97
164,FAM92B,-4.75,CD1C,-2.74,EXO1,-3.38,MCL1,-4.76,MCL1,-11.11,NEK2,-10.79,COL18A1,-7.01,SDR16C5,-5.17,FAM92B,-45.7,CREB3L2,-9.48,NIBAN1,-1.11,KIF14,-1.4,SLC11A1,-0.29,HJURP,-6.66,RNF152,-15.65,SOCS2,-5.3,SIGLEC6,-5.73,MS4A6A,-5.99
165,ITGA8,-4.78,CENPF,-2.75,FAM92B,-3.43,IGHG4,-4.86,NLRP3,-11.16,LINC00996,-10.92,PYCR1,-7.03,CD70,-5.41,KLF6,-45.72,ZNF704,-9.49,VPREB1,-1.11,MSH6,-1.4,CD1C,-0.29,DLL4,-6.7,TRIB1,-15.96,CEP55,-5.33,E2F7,-5.76,PCLAF,-6.02
166,KCNMA1,-4.79,TESC,-2.82,GPRIN3,-3.43,LINC00114,-5.04,MUC16,-11.32,EBI3,-10.97,ENC1,-7.03,EXO1,-5.41,DNTT,-46.57,BEST3,-9.55,MUC16,-1.12,E2F2,-1.4,RRAD,-0.34,DLGAP5,-6.75,FCRL5,-16.03,CDCA8,-5.37,PCLAF,-5.77,IQGAP2,-6.05
167,IL6R,-4.85,JCHAIN,-2.82,KIF14,-3.43,HMOX1,-5.14,FCGR3A,-11.51,NR4A3,-11.04,ERG,-7.06,TPX2,-5.42,PRDM1,-46.63,CDC25A,-9.64,MYO6,-1.13,ANLN,-1.41,CHPF,-0.35,CDCA5,-6.83,FGR,-16.06,PHACTR3,-5.48,CDCA2,-5.78,PKM,-6.13
168,TNFSF9,-4.87,ITGA8,-2.84,ITGA8,-3.44,BCL2A1,-5.22,SMIM3,-11.58,KIFC1,-11.16,CDCA7,-7.07,SSPN,-5.57,CXCR3,-46.88,HID1,-9.67,BUB1B,-1.14,E2F1,-1.42,RASSF6,-0.36,PBK,-6.85,CNTLN,-16.15,NEK2,-5.49,AP000345.2,-5.8,CCNA2,-6.38
169,TMEM52,-4.95,DUSP4,-2.86,TNFSF9,-3.47,DUSP4,-5.31,CDCA5,-11.63,IQGAP2,-11.26,HID1,-7.07,CEP55,-5.63,AEBP1,-47.01,GPR176,-9.69,CRNDE,-1.15,SH3BGRL3,-1.43,CD38,-0.39,KIF4A,-6.97,CKAP2L,-16.16,MKI67,-5.49,SPC25,-5.87,NEK2,-6.39
170,RGCC,-4.96,MAST4,-2.94,CRNDE,-3.48,MS4A6A,-5.77,IGHG3,-11.94,IGHE,-11.27,NEIL3,-7.11,IGHG4,-5.71,FCRL5,-47.05,E2F7,-9.69,MERTK,-1.15,SOCS2,-1.43,NEDD9,-0.43,LAMP5,-7.04,CDK1,-16.17,MYBL2,-5.51,SMAD1,-5.88,CDCA8,-6.59
171,TYROBP,-4.96,FCER1G,-3.0,IGF1,-3.54,MUC16,-5.79,FCER1G,-12.03,CDCA8,-11.27,RRM2,-7.13,DIAPH3,-5.82,RGCC,-47.67,SCD5,-9.72,DIAPH3,-1.16,IGHG4,-1.43,NLRP3,-0.46,MCM10,-7.06,PEG10,-16.2,TYROBP,-5.6,TBXAS1,-5.9,KIF23,-6.61
172,TIMP1,-5.06,NFKBIA,-3.04,AL139020.1,-3.54,IL6R,-5.96,CADPS2,-12.3,ASF1B,-11.31,CKAP2L,-7.17,ASPM,-5.83,E2F2,-48.15,TNFSF9,-9.73,TPX2,-1.19,E2F7,-1.44,BCL2A1,-0.5,RRBP1,-7.11,E2F2,-16.25,FCER1G,-5.65,AKAP12,-5.91,NEIL3,-6.61
173,CXCR3,-5.07,MUC16,-3.05,HMOX1,-3.59,FCGR3A,-5.97,RRBP1,-12.56,CDCA5,-11.36,NCAPH,-7.25,CDCA3,-5.9,ZNF704,-48.35,CD38,-9.81,GPRIN3,-1.19,GTSE1,-1.45,MYO6,-0.52,BMP3,-7.13,RRAD,-16.28,IGHG4,-5.68,EXO1,-5.99,CDCA5,-6.64
174,IL5RA,-5.14,IGHG3,-3.07,VDR,-3.62,IGHG3,-5.97,SCNN1B,-12.69,E2F8,-11.45,FAS,-7.25,NR4A2,-6.04,SH3BGRL3,-48.56,SCNN1B,-9.98,MCL1,-1.19,ERG,-1.46,WEE1,-0.53,SRGN,-7.17,CDCA5,-16.63,AP000345.2,-5.72,CDC25A,-6.03,MELK,-6.65
175,LMNB1,-5.56,SCNN1B,-3.17,KCNMA1,-3.66,SCNN1B,-6.01,HID1,-12.85,ASPM,-11.76,RNF152,-7.39,E2F8,-6.1,RRBP1,-48.68,IL6R,-10.05,IRF4,-1.2,MCL1,-1.48,KCNMA1,-0.56,NEIL3,-7.19,CDC25A,-16.63,CDCA7,-5.8,NEAT1,-6.1,CDK1,-6.89
176,ITGAX,-5.89,LILRB2,-3.27,MERTK,-3.66,KCNMA1,-6.16,TNFSF9,-12.92,IFI44L,-11.77,NFKBIA,-7.4,BAALC,-6.11,ACTG1,-49.49,HMOX1,-10.19,PYCR1,-1.2,C1QC,-1.48,SDC1,-0.6,HIST1H2BJ,-7.23,PBK,-16.64,CDK1,-5.84,KIF14,-6.11,RRM2,-6.89
177,NCAPH,-5.92,HID1,-3.34,CXCR3,-3.66,FCER1G,-6.2,HMOX1,-13.1,E2F7,-11.8,STX11,-7.66,CTNNAL1,-6.21,SMAD1,-49.58,LINC00472,-10.2,NT5DC2,-1.21,AURKB,-1.48,COL18A1,-0.66,NLRP3,-7.25,MKI67,-16.65,CDCA2,-5.84,SCD5,-6.19,CD1C,-6.9
178,TESC,-5.95,KCNMA1,-3.41,NR4A3,-3.78,MYO6,-6.4,LILRA4,-13.23,DIAPH3,-11.83,NT5DC2,-7.73,TIMP1,-6.26,MYO6,-49.64,ITGA8,-10.27,HOPX,-1.21,HIST1H2BJ,-1.51,AL353753.1,-0.68,IGHG4,-7.26,MCM10,-16.67,BAALC,-5.91,TNFSF9,-6.23,SPC25,-6.9
179,SMIM3,-6.08,IGF1,-3.41,ACTG1,-4.0,NEK6,-6.42,RGCC,-13.58,CDC6,-11.94,E2F7,-7.73,CDC6,-6.31,SCD5,-49.84,NT5DC2,-10.29,KIF14,-1.23,CDCA2,-1.51,TCN2,-0.68,CREB3L2,-7.3,CRNDE,-16.67,IGHG1,-5.95,MELK,-6.37,HMOX1,-7.17
180,HERPUD1,-6.16,SIGLEC6,-3.53,CLSPN,-4.05,SIGLEC6,-6.48,KCNMA1,-13.6,CD38,-11.95,AURKB,-7.73,CDCA8,-6.31,MERTK,-49.85,KCNMA1,-10.3,STX11,-1.23,IL5RA,-1.52,SDR16C5,-0.74,IFI44L,-7.46,GPRIN3,-16.69,CCNA2,-6.04,DIAPH3,-6.42,SEMA7A,-7.21
181,LINC00996,-6.31,LINC00472,-3.55,MYO6,-4.06,LCN6,-6.48,ITGA8,-13.76,ENOSF1,-11.99,MELK,-7.76,PHACTR3,-6.35,AL139020.1,-50.12,TMEM52,-10.33,BMP3,-1.23,RNF152,-1.53,DUSP2,-0.78,PYCR1,-7.5,KIF4A,-16.74,CDCA5,-6.05,BUB1B,-6.46,RNF152,-7.22
182,CDCA7,-6.54,MERTK,-3.57,IL5RA,-4.07,IGF1,-6.53,FAM92B,-13.8,NT5DC2,-12.07,DENND6B,-7.82,HID1,-6.37,IL6R,-50.64,VPREB1,-10.41,CENPF,-1.23,MELK,-1.54,PHACTR3,-0.83,DEPDC1B,-7.52,SOCS2,-16.81,AC011603.2,-6.1,KIF4A,-6.47,HOPX,-7.26
183,DENND6B,-6.78,FAM92B,-3.59,IL6R,-4.1,CKB,-6.69,IGF1,-14.23,GTSE1,-12.13,MCL1,-7.82,IGHG1,-6.39,RAG1,-51.82,RRBP1,-10.42,LCN6,-1.23,PRDM1,-1.57,BMP3,-0.85,ERG,-7.8,IGHG4,-16.86,LINC01781,-6.13,ENC1,-6.51,ERG,-7.3
184,CADPS2,-6.97,TIMP1,-3.66,CDC25B,-4.13,MERTK,-6.71,MERTK,-14.36,DLL4,-12.28,BMP3,-7.85,PCLAF,-6.39,ADAM23,-51.96,MYO6,-10.49,MNDA,-1.24,LCN6,-1.58,MNDA,-0.85,FCGR3A,-7.98,CREB3L2,-16.87,ANLN,-6.17,E2F1,-6.54,CDCA7,-7.46
185,COL18A1,-7.11,LAMP5,-3.68,MKI67,-4.15,LAMP3,-6.72,CXCR3,-14.75,IGHG4,-12.32,FAM92B,-7.88,AMPD1,-6.42,SRGN,-51.98,IGF1,-10.77,LEF1,-1.25,FXYD2,-1.59,TESC,-0.87,RRM2,-8.06,CDCA2,-17.47,AURKB,-6.21,MUC16,-6.55,PBK,-7.47
186,EYA2,-7.39,HERPUD1,-3.78,CCNE1,-4.16,FAM92B,-6.73,PLK4,-14.8,BMP3,-12.55,AKAP12,-7.99,HJURP,-6.48,LAMP5,-52.48,FAM92B,-10.79,PKM,-1.25,MYBL2,-1.59,C1QC,-0.88,RNF152,-8.15,PYCR1,-17.58,DLGAP5,-6.24,ANLN,-6.6,TPX2,-7.55
187,S100A9,-7.41,HMGB2,-3.8,IGHD,-4.28,TRIB1,-6.75,AREG,-15.27,HJURP,-12.6,IL6R,-8.11,CHPF,-6.54,IL5RA,-52.58,MYLK,-10.8,AC104024.1,-1.26,DLGAP5,-1.62,TNFRSF1B,-0.91,TNFSF9,-8.15,NEIL3,-17.69,MS4A6A,-6.26,VPREB1,-6.64,TNFSF9,-7.63
188,MNDA,-7.45,IL5RA,-4.0,NEK2,-4.4,ITGA8,-6.84,IL5RA,-16.25,HIPK2,-12.76,TFEC,-8.14,AURKB,-6.57,DENND6B,-53.18,SLAMF7,-10.87,FAM92B,-1.26,KCNMA1,-1.63,DUSP4,-0.92,KIFC1,-8.2,HIST1H2BJ,-17.74,ERG,-6.48,IFI44L,-6.64,CDCA2,-7.74
189,LILRA4,-7.81,CADPS2,-4.09,AREG,-4.41,HCST,-6.88,IL6R,-16.38,SYNC,-12.78,DNAH8,-8.14,ASF1B,-6.67,STX11,-53.36,CDK6,-10.87,E2F1,-1.27,CKAP2L,-1.64,ENC1,-0.92,SCNN1B,-8.35,E2F7,-17.75,EXO1,-6.59,ASF1B,-6.97,SOX5,-7.91
190,SLAMF7,-7.89,CXCR3,-4.23,ITGAX,-4.48,CXCR3,-6.95,DENND6B,-17.24,AURKB,-12.8,ID2,-8.25,IGF1,-6.87,HCK,-54.2,DNTT,-10.91,KIF4A,-1.27,CREB3L2,-1.65,IGHG3,-0.96,MS4A6A,-8.39,MS4A6A,-17.91,EYA2,-6.59,NLRP3,-6.99,BMP3,-7.93
191,VIM-AS1,-7.94,IGHD,-4.3,TESC,-4.52,TNFSF9,-7.1,NCAPH,-17.68,CYTOR,-12.83,GPRIN3,-8.26,PBK,-6.99,GPRIN3,-54.23,MCL1,-10.99,RAG1,-1.27,MERTK,-1.65,IGF1,-0.97,EXO1,-8.39,TOX2,-17.94,NEIL3,-6.65,BEST3,-7.04,AP000345.2,-8.01
192,AEBP1,-8.07,MYO6,-4.43,SLC11A1,-4.71,LILRA4,-7.2,ITGAX,-17.75,CDCA7,-12.86,E2F1,-8.35,PEG10,-7.04,PLD4,-54.61,CTNNAL1,-11.14,MIR181A1HG,-1.27,WFS1,-1.66,FCER1G,-0.98,DIAPH3,-8.44,AC011603.2,-18.12,WFS1,-6.67,MYLK,-7.2,RASSF6,-8.2
193,PCDH9,-8.11,ITGAX,-4.65,LILRA4,-4.73,GPRIN3,-7.28,MIR155HG,-17.83,CD99,-13.0,ITGA8,-8.35,RASSF6,-7.05,IL2RA,-54.64,CXCR3,-11.2,AL139020.1,-1.27,CD38,-1.71,SMIM3,-0.98,ANLN,-8.46,TIMP1,-18.3,KCNMA1,-6.69,TESC,-7.25,DIAPH3,-8.2
194,WEE1,-8.14,LMNA,-4.67,COL18A1,-4.73,ATP2B4,-7.29,ATP2B4,-18.29,ITGB1,-13.01,KIFC1,-8.39,NEK2,-7.06,CDK6,-54.71,CRIP1,-11.29,CADPS2,-1.27,MUC16,-1.73,TNFRSF13B,-1.02,TRIB1,-8.47,FCER1G,-18.71,AKAP12,-6.69,TNFRSF13B,-7.41,KIF4A,-8.31
195,SLC11A1,-8.23,RGCC,-5.13,TOX2,-4.73,IL5RA,-7.35,LDLR,-18.44,MUC16,-13.02,IL5RA,-8.46,TESC,-7.13,SEMA7A,-54.82,MERTK,-11.32,ANLN,-1.29,SPC25,-1.74,SCNN1B,-1.02,AKAP12,-8.5,SPC25,-18.81,RNF152,-6.75,ADGRE2,-7.48,SIGLEC6,-8.54
196,AC104024.1,-8.24,COL18A1,-5.18,CADPS2,-5.03,AC104024.1,-7.57,WEE1,-18.47,CDC25A,-13.13,LINC02384,-8.47,GPR176,-7.14,MCL1,-54.88,BAHCC1,-11.36,DUSP4,-1.31,FCER1G,-1.75,CD69,-1.03,SHANK3,-8.52,SHANK3,-18.82,RRM2,-6.76,SOX5,-7.59,E2F1,-8.7
197,SOX5,-8.66,CYTOR,-5.2,EYA2,-5.31,UBE2C,-7.63,SOX5,-18.65,DNTT,-13.31,IL7R,-8.48,MYLK,-7.14,ITGAX,-54.95,RAG1,-11.63,IGF1,-1.31,FCGR3A,-1.76,LILRB2,-1.03,CDC6,-8.52,NT5DC2,-19.04,TTLL7,-6.81,LINC01781,-7.6,LCN6,-8.78
198,MAST4,-8.66,SLC11A1,-5.27,SOX5,-5.33,NR4A3,-7.92,EYA2,-19.19,IGHG1,-13.47,MCM10,-8.5,CCNE1,-7.19,SLAMF7,-55.46,HERPUD1,-11.89,RRM2,-1.31,MYLK,-1.76,LCN6,-1.07,AP000345.2,-8.54,ERG,-19.04,SHANK3,-6.95,FGR,-7.81,AC011603.2,-8.89
199,CYTOR,-8.81,TBXAS1,-5.39,MCL1,-5.4,ITGAX,-8.77,COL18A1,-19.61,PBK,-13.53,AC011603.2,-8.58,DLL4,-7.2,CTNNAL1,-56.51,MNDA,-11.94,CDC25A,-1.31,RRAD,-1.77,MUC16,-1.1,FCER1G,-8.59,SCD5,-19.06,IL6R,-7.01,CDK6,-7.89,SNCA,-9.06
200,IGHD,-9.12,SEC11C,-5.4,MNDA,-5.48,NFKBIA,-8.95,CD99,-19.62,CDK1,-13.64,TMEM52,-8.67,CDCA5,-7.22,TSHZ2,-56.94,ENOSF1,-11.98,HCK,-1.31,TIMP1,-1.77,FAM92B,-1.14,CDK6,-8.66,TMEM52,-19.21,SCNN1B,-7.05,CCNE1,-7.94,KANK2,-9.12
201,TCF7,-9.14,MNDA,-5.41,MIR155HG,-5.5,CD69,-9.03,AC104024.1,-20.02,AC011603.2,-13.84,NUGGC,-8.69,WFS1,-7.22,TESC,-57.3,LDLR,-11.98,MELK,-1.32,HID1,-1.78,HID1,-1.14,MSH6,-8.84,CDC6,-19.32,MIR155HG,-7.08,LINC00472,-8.2,VPREB1,-9.15
202,EBI3,-9.31,CRIP1,-5.5,SLAMF7,-5.56,FAS,-9.15,GPRIN3,-20.05,ERG,-13.86,PKM,-8.82,SCNN1B,-7.35,LDLR,-57.46,LEF1,-11.99,SPC25,-1.33,SCNN1B,-1.78,EYA2,-1.16,CADPS2,-9.24,KIFC1,-19.39,CDC6,-7.11,ZNF704,-8.28,EXO1,-9.36
203,AL139020.1,-9.43,EYA2,-5.53,BAIAP3,-5.58,TESC,-9.5,KLF6,-20.52,TOX,-13.96,TOX,-8.85,PIF1,-7.46,NCAPH,-57.69,TTLL7,-12.04,BEST3,-1.36,PEG10,-1.79,MERTK,-1.17,TMEM52,-9.41,DIAPH3,-19.61,HIST1H2BJ,-7.14,CCR7,-8.29,ENC1,-9.54
204,NUGGC,-9.48,CKB,-5.57,LINC00996,-5.83,EYA2,-9.6,NEK6,-20.8,HIST1H2BJ,-14.14,VPREB1,-9.07,MELK,-7.46,LMNB1,-58.54,IL5RA,-12.21,ADGRE2,-1.36,CDC25A,-1.79,LAMP3,-1.2,AC011603.2,-9.47,DNTT,-19.76,BMP3,-7.25,ITGAX,-8.33,ASF1B,-9.63
205,TXNDC5,-9.62,SLAMF7,-5.59,AC104024.1,-5.94,PLEK,-9.83,PEG10,-20.98,MELK,-14.37,EBI3,-9.38,NUGGC,-7.47,GNAQ,-58.57,IL7R,-12.23,SEMA7A,-1.38,KIF4A,-1.8,ITGA8,-1.23,SPC25,-9.61,AP000345.2,-20.07,SNCA,-7.4,ARPP21,-8.35,LEF1,-9.63
206,BAIAP3,-9.79,AC104024.1,-5.6,NCAPH,-6.02,COL18A1,-9.9,TESC,-21.01,CTNNAL1,-14.42,BAIAP3,-9.39,PYCR1,-7.49,ARPP21,-58.84,SMAD1,-12.39,SCD5,-1.42,SCD5,-1.81,IL6R,-1.28,FAM92B,-9.62,BMP3,-20.08,MELK,-7.42,CNTLN,-8.57,BEST3,-9.7
207,SEMA7A,-10.17,SEMA7A,-5.63,TXNDC5,-6.04,RASSF6,-9.92,BRIP1,-21.01,RRM2,-14.76,MERTK,-9.53,BRIP1,-7.5,KANK2,-58.87,LAMP5,-12.49,SYNC,-1.43,TMEM52,-1.9,NR4A3,-1.33,VPREB1,-9.62,IGF1,-20.11,LINC00996,-7.51,RAG1,-8.58,DNTT,-9.74
208,CKB,-10.2,MCL1,-5.82,TBXAS1,-6.19,KLF6,-10.05,SLAMF7,-21.64,SLAMF7,-14.82,DNTT,-9.59,FCRL5,-7.63,EBI3,-59.66,LILRA4,-12.6,GNAQ,-1.43,FAM92B,-1.91,TNFSF9,-1.34,RPS2,-9.64,TNFRSF1B,-20.19,IRAK3,-7.52,MIR155HG,-8.66,FLNA,-9.81
209,DNAH8,-10.49,IRAK3,-5.91,EBI3,-6.2,BAIAP3,-10.15,MNDA,-21.93,ANLN,-14.88,E2F2,-9.61,RRM2,-7.64,MSH6,-60.35,PLEK,-12.7,SNCA,-1.43,ITGA8,-1.92,MS4A6A,-1.39,FGR,-9.64,ITGA8,-20.25,BAIAP3,-7.54,WEE1,-8.79,DEPDC1B,-9.91
210,PRDM1,-10.54,CDC25B,-5.91,SMIM3,-6.21,SRGN,-10.37,SLC7A5,-22.58,SCNN1B,-14.93,LINC00996,-9.61,RRAD,-7.64,VDR,-60.89,HCK,-12.76,ZNF704,-1.45,MS4A6A,-1.96,TFEC,-1.39,ITGA8,-9.7,CDC25B,-20.38,TMEM52,-7.56,SEMA7A,-8.82,LINC00472,-10.1
211,LMNA,-10.59,AL139020.1,-6.6,CYTOR,-6.32,LINC00996,-10.43,ACTG1,-22.83,NEIL3,-14.96,LMNB1,-9.62,E2F2,-7.84,CYTOR,-61.28,GNAQ,-12.83,SMAD1,-1.46,ADGRE2,-2.0,IL5RA,-1.41,DNTT,-10.2,AKAP12,-20.43,PCLAF,-7.62,ALPL,-8.86,SMAD1,-10.12
212,MCL1,-10.73,RASSF6,-6.62,RGCC,-6.47,FLNA,-10.49,TRIB1,-23.99,DNAH8,-14.97,VDR,-9.65,CCNA2,-7.89,MIR181A1HG,-62.18,ARPP21,-13.26,IL6R,-1.48,ARPP21,-2.01,VIM-AS1,-1.47,BEST3,-10.2,EXO1,-20.5,DENND6B,-7.75,NEK6,-8.97,AEBP1,-10.48
213,CRIP2,-10.79,BAIAP3,-6.82,PRDM1,-6.48,AREG,-10.6,TP63,-24.43,CRIP1,-15.1,NR4A3,-9.66,CDCA7,-7.96,CNTLN,-63.14,EBI3,-13.33,CXCR3,-1.48,DNTT,-2.04,STX11,-1.5,SCD5,-10.41,IL6R,-20.5,LCN6,-7.76,ATP2B4,-8.97,ITGAX,-10.89
214,STX11,-10.83,EBI3,-6.96,WEE1,-6.82,MNDA,-10.86,NIBAN1,-24.78,DENND6B,-15.26,BEST3,-9.76,SPC25,-8.02,NEAT1,-63.67,ITGAX,-13.33,IFNAR2,-1.5,FGR,-2.06,PRDM1,-1.53,TTLL7,-10.44,RRM2,-20.52,VPREB1,-7.9,ZMIZ1,-9.01,MYLK,-10.99
215,TP63,-11.01,PLEK,-7.12,NUGGC,-7.05,SLAMF7,-11.05,FAS,-25.13,PIF1,-15.36,ZNF704,-9.81,BMP3,-8.16,IRF4,-63.71,AC104024.1,-13.44,CD69,-1.5,KLF6,-2.11,DNAH8,-1.55,SMAD1,-10.58,MSH6,-20.79,E2F2,-7.92,LILRA4,-9.01,STMN1,-11.2
216,FGR,-11.12,NUGGC,-7.3,HOPX,-7.14,CD99,-11.72,EBI3,-25.39,LDLR,-15.7,CTNNAL1,-10.01,AKAP12,-8.18,LEF1,-65.11,COL18A1,-13.51,EYA2,-1.51,STMN1,-2.13,TOX,-1.55,STMN1,-10.65,ANLN,-20.9,IGF1,-7.93,TOX,-9.12,RAG1,-11.3
217,ALPL,-11.14,SOX5,-7.32,LINC02384,-7.19,IGHD,-12.0,HERPUD1,-25.75,E2F1,-15.8,SNCA,-10.04,CDCA2,-8.19,FLNA,-65.77,CNTLN,-13.69,ARPP21,-1.53,BEST3,-2.14,ITGAX,-1.59,ENC1,-10.85,RRBP1,-20.93,VDR,-7.93,DEPDC1B,-9.2,LILRA4,-11.58
218,SELENOM,-11.32,LINC00996,-7.33,SEMA7A,-7.19,CYTOR,-12.43,CYTOR,-27.22,MYLK,-15.85,SCD5,-10.19,AC104024.1,-8.25,CREB3L2,-66.95,KANK2,-13.73,LDLR,-1.55,SMAD1,-2.17,SIGLEC6,-1.62,MERTK,-10.93,CYTOR,-21.08,ITGA8,-7.96,BAIAP3,-9.51,GNAQ,-11.8
219,TNFRSF13B,-11.36,FLNA,-7.4,LMNA,-7.36,MIR155HG,-12.48,SEMA7A,-27.25,AP000345.2,-15.86,SMAD1,-10.23,AP000345.2,-8.25,ENOSF1,-67.04,HOPX,-13.76,ENOSF1,-1.56,HCK,-2.19,TYROBP,-1.63,LINC00472,-10.94,IRF4,-21.18,IL5RA,-7.96,SSPN,-9.62,ZNF704,-11.84
220,IL7R,-11.41,PRDM1,-7.63,CRIP2,-7.43,SEMA7A,-12.56,NFKBIA,-27.28,IL5RA,-15.93,GNAQ,-10.24,NEIL3,-8.25,WEE1,-67.26,DENND6B,-13.91,ADAM23,-1.56,VIM-AS1,-2.19,HOPX,-1.65,MYLK,-11.86,SCNN1B,-21.31,FAM92B,-7.98,MNDA,-9.67,ARPP21,-11.99
221,SLC7A5,-11.45,AREG,-7.75,TOX,-7.54,HOPX,-12.75,SLAMF1,-27.29,ZNF704,-16.1,SLAMF7,-10.3,CKB,-8.29,EYA2,-67.42,ATP2B4,-14.02,NEAT1,-1.56,COL18A1,-2.2,MAST4,-1.65,LILRA4,-12.19,MELK,-21.73,DNTT,-8.0,CD69,-9.93,CNTLN,-12.35
222,FAS,-11.66,FGR,-7.79,DNAH8,-7.65,NUGGC,-13.2,TCF7,-27.35,CDCA2,-16.32,CADPS2,-10.39,KIFC1,-8.35,COL18A1,-67.76,FLNA,-14.02,HIST1H2BJ,-1.59,IL7R,-2.21,IGHD,-1.69,RAG1,-12.19,CADPS2,-21.91,COL18A1,-8.11,KANK2,-10.03,CD69,-12.53
223,TBXAS1,-11.87,TP63,-7.86,HCK,-7.7,EBI3,-13.25,FGR,-27.36,PYCR1,-16.44,CDC25B,-10.5,LCN6,-8.72,TP63,-68.04,TSHZ2,-14.27,CDC25B,-1.6,LAMP5,-2.33,MIR155HG,-1.71,ZNF704,-12.29,BEST3,-22.55,CADPS2,-8.19,STMN1,-10.03,PAG1,-12.92
224,TSHZ2,-12.27,FAS,-7.87,SELENOM,-7.97,PRDM1,-13.86,NUGGC,-27.39,AEBP1,-16.48,CRIP1,-10.62,CRNDE,-8.74,TOX2,-70.49,TOX2,-14.49,MYBL2,-1.6,LINC00472,-2.36,CD70,-1.72,NEDD9,-12.3,TTLL7,-23.01,MERTK,-8.4,TCF7,-10.08,MNDA,-12.95
225,CD70,-12.5,DNAH8,-7.94,TP63,-7.97,TNFRSF13B,-14.14,HOPX,-28.18,SPC25,-16.6,NEAT1,-10.8,CRIP2,-8.84,BAHCC1,-70.93,STX11,-14.54,DEPDC1B,-1.63,RAG1,-2.36,IFI44L,-1.74,GPR176,-12.33,FAM92B,-23.22,SELENOM,-8.41,ADAM23,-10.11,PLK4,-13.42
226,AREG,-12.79,TNFRSF13B,-8.1,ALPL,-8.0,LMNA,-14.33,DNAH8,-28.24,SELENOM,-17.18,EYA2,-10.84,ITGB1,-8.89,AC104024.1,-71.29,CRIP2,-14.56,TFEC,-1.65,IL6R,-2.37,JCHAIN,-1.76,SLAMF7,-12.38,MYBL2,-23.4,GPR176,-8.46,LINC00996,-10.14,TCF7,-13.88
227,CDC25B,-12.79,CRIP2,-8.12,FGR,-8.21,SOX5,-14.39,TNFRSF13B,-29.42,HOPX,-17.28,RRBP1,-10.87,BUB1B,-8.94,NUGGC,-71.66,NCAPH,-14.76,PCDH9,-1.66,SNCA,-2.37,TP63,-1.76,AREG,-12.44,GNAQ,-23.77,BRIP1,-8.77,FOS,-10.15,NR4A3,-13.96
228,LINC02384,-12.83,ALPL,-8.32,TNFRSF13B,-8.22,DNAH8,-14.74,CD70,-29.81,BUB1B,-17.31,LDLR,-11.02,NT5DC2,-8.99,MYBL2,-72.0,CYTOR,-14.88,COL18A1,-1.73,FOS,-2.42,TSHZ2,-1.82,ARPP21,-12.81,VPREB1,-23.78,MYLK,-8.9,BAHCC1,-10.24,CDC25B,-14.26
229,HCK,-13.43,ACTG1,-8.39,IL2RA,-8.24,CRIP2,-15.09,CRIP2,-30.05,LINC00472,-17.45,ZMIZ1,-11.08,MIR181A1HG,-9.02,TCF7,-72.56,TESC,-15.02,LINC02384,-1.73,TTLL7,-2.45,SOX5,-1.86,GNAQ,-12.85,FOS,-24.39,LAMP5,-8.96,IRF4,-10.42,BAIAP3,-14.45
230,FLNA,-13.43,SELENOM,-8.49,FAS,-8.31,TP63,-15.14,ALPL,-30.09,TMEM52,-17.6,LINC00472,-11.19,SCD5,-9.02,MME,-72.57,VDR,-15.21,RAB31,-1.78,SRGN,-2.54,LINC02384,-1.86,NFKBIA,-12.86,SNCA,-24.99,SMAD1,-9.14,VIM-AS1,-10.69,BAHCC1,-14.8
231,TFEC,-13.52,FXYD2,-8.65,CD70,-8.68,ALPL,-15.23,SRGN,-30.3,MSH6,-17.65,ATP2B4,-11.22,TMEM52,-9.02,SLC7A5,-72.64,LMNB1,-15.96,LAMP5,-1.8,EYA2,-2.55,CRIP2,-2.07,SNCA,-12.98,DEPDC1B,-25.47,CTNNAL1,-9.33,PLK4,-10.84,SYNC,-14.82
232,SRGN,-13.82,STX11,-8.7,TSHZ2,-8.69,TOX,-15.51,PRDM1,-30.34,E2F2,-17.67,RAG1,-11.34,AC011603.2,-9.14,PKM,-72.88,EYA2,-16.04,E2F2,-1.81,BAHCC1,-2.58,SELENOM,-2.13,SYNC,-13.18,STMN1,-25.81,LINC00472,-9.98,CTNNAL1,-11.09,JCHAIN,-14.91
233,IFI44L,-13.86,TSHZ2,-8.89,NEAT1,-8.73,SELENOM,-15.64,LMNA,-30.38,HERPUD1,-17.72,NIBAN1,-11.49,FAM92B,-9.2,BRIP1,-72.91,SOX5,-16.29,DNAH8,-1.83,PLK4,-2.62,FAS,-2.16,VDR,-14.24,MERTK,-25.82,TESC,-10.18,RASSF6,-11.22,ADAM23,-15.19
234,LILRB2,-13.87,SRGN,-8.91,SLC7A5,-9.0,MAST4,-15.69,FLNA,-30.89,AKAP12,-17.72,SOX5,-11.6,SELENOM,-9.21,PLEK,-75.07,MIR181A1HG,-16.48,VIM-AS1,-1.86,CTNNAL1,-2.62,LINC00996,-2.21,KANK2,-14.79,LAMP5,-26.29,TCF7,-10.21,BRIP1,-11.58,SSPN,-15.21
235,NEAT1,-14.3,TCF7,-9.04,SRGN,-9.03,FGR,-15.75,SELENOM,-31.71,LAMP5,-17.79,IL2RA,-11.63,VPREB1,-9.29,IQGAP2,-75.14,MME,-16.58,CNTLN,-1.86,AL139020.1,-2.67,PLEK,-2.22,NR4A3,-14.98,ZNF704,-26.95,ZNF704,-10.25,RAB31,-11.79,WEE1,-16.0
236,CD99,-14.46,CD70,-9.13,TFEC,-9.19,CD70,-15.9,IFI44L,-32.1,FAM92B,-18.26,SRGN,-11.64,AEBP1,-9.43,SELENOM,-75.35,BRIP1,-16.6,MME,-1.86,ATP2B4,-2.73,HIPK2,-2.23,LEF1,-15.16,LDLR,-27.11,RAG1,-10.28,FLNA,-11.8,TFEC,-16.49
237,HOPX,-14.66,TXNDC5,-9.56,CRIP1,-9.25,PCDH9,-16.11,CRIP1,-33.67,PAG1,-18.29,ARPP21,-11.92,BAHCC1,-9.53,FAS,-77.85,PRDM1,-16.71,BRIP1,-1.88,ADAM23,-2.74,ACTB,-2.25,NR4A2,-15.51,MYLK,-27.12,ARPP21,-10.31,CDC25B,-12.33,EBI3,-16.49
238,SSPN,-14.78,HCK,-9.72,SLAMF1,-9.41,HERPUD1,-16.65,TSHZ2,-34.8,VPREB1,-18.44,PAG1,-12.13,CDC25A,-9.61,HCST,-78.88,TCF7,-16.96,HCST,-1.93,KANK2,-2.83,NEK6,-2.31,IQGAP2,-15.6,LINC00472,-27.26,ALPL,-10.66,MME,-12.45,CD70,-16.79
239,PEG10,-14.78,HOPX,-9.72,PLEK,-9.79,TFEC,-16.74,LINC02384,-35.98,PRDM1,-18.52,KANK2,-12.21,MCL1,-9.61,CD86,-80.04,NUGGC,-16.97,CDK6,-1.95,MME,-2.83,EBI3,-2.32,ADAM23,-15.77,SMAD1,-27.36,SYNC,-10.82,EBI3,-12.53,IL7R,-17.45
240,RAB31,-14.97,TFEC,-9.84,MAST4,-9.86,TSHZ2,-17.21,NEAT1,-36.19,LEF1,-19.09,LAMP5,-12.24,DUSP2,-9.66,RAB31,-85.45,NIBAN1,-17.06,PEG10,-1.99,BAIAP3,-2.89,SEMA7A,-2.33,BAHCC1,-16.15,IQGAP2,-27.63,CDC25B,-11.0,AL139020.1,-12.62,SH3BGRL3,-17.55
241,CENPF,-15.12,PEG10,-10.04,KLF6,-10.52,LINC02384,-18.31,TFEC,-36.63,SMAD1,-19.25,RPS2,-12.65,ZNF704,-9.7,LINC02384,-85.91,SELENOM,-17.48,KANK2,-2.03,TBXAS1,-2.98,TXNDC5,-2.37,PEG10,-16.71,AEBP1,-27.78,PRDM1,-11.75,CD70,-12.67,MME,-17.69
242,SLAMF1,-15.28,LINC02384,-10.05,STX11,-10.71,IFI44L,-18.61,TXNDC5,-36.7,TSHZ2,-19.51,ENOSF1,-12.73,SMAD1,-10.07,SOX5,-87.36,SLC7A5,-17.83,BAHCC1,-2.03,SYNC,-3.08,ALPL,-2.43,AEBP1,-16.8,JCHAIN,-28.12,STMN1,-11.83,IQGAP2,-13.13,AL139020.1,-18.09
243,FCRL5,-15.4,IFI44L,-10.28,SSPN,-10.72,STX11,-19.43,HIPK2,-37.02,PLD4,-19.67,CDK6,-12.91,E2F1,-10.22,LINC00996,-89.17,NEAT1,-18.12,TSHZ2,-2.04,TXNDC5,-3.13,BAIAP3,-2.45,TNFAIP3,-16.91,SLAMF1,-28.12,KANK2,-12.74,CRIP2,-13.55,BRIP1,-19.59
244,IL2RA,-15.53,SMIM3,-10.67,IFI44L,-10.83,TXNDC5,-19.51,FCRL5,-37.99,KANK2,-19.83,PLD4,-13.07,LAMP5,-10.29,CRIP2,-89.28,LINC02384,-18.23,CD99,-2.07,LINC01781,-3.13,FGR,-2.51,MME,-17.61,RAG1,-28.14,TRIB1,-13.22,HIPK2,-13.94,CRIP2,-19.67
245,ACTB,-16.27,SSPN,-11.15,PLD4,-10.92,TBXAS1,-20.51,TBXAS1,-38.38,CDC25B,-20.3,LEF1,-13.58,DNTT,-10.3,LMNA,-89.79,IFNAR2,-18.28,TOX2,-2.09,CD1C,-3.18,HERPUD1,-2.56,MYBL2,-17.86,GPR176,-28.28,ADAM23,-13.36,SYNC,-14.23,ALPL,-19.81
246,HIPK2,-17.41,SLAMF1,-11.41,PEG10,-11.04,SSPN,-21.13,TOX,-38.39,IFNAR2,-20.63,VIM-AS1,-13.58,IFNAR2,-10.35,ALPL,-90.13,ALPL,-19.1,CRIP1,-2.1,NUGGC,-3.18,SSPN,-2.79,FOS,-18.87,ITGB1,-30.34,ITGB1,-13.5,PAG1,-15.02,FGR,-20.72
247,HCST,-17.85,PLD4,-11.42,FCRL5,-11.11,PEG10,-21.13,PLEK,-38.96,KCNMA1,-20.8,AEBP1,-13.71,RAG1,-10.42,IFNAR2,-90.42,RAB31,-19.11,NCAPH,-2.11,SELENOM,-3.19,NEAT1,-2.82,AL139020.1,-19.07,ARPP21,-30.46,BAHCC1,-13.88,PEG10,-15.29,CRIP1,-21.65
248,PLEK,-18.35,NEAT1,-11.64,FLNA,-11.25,FCRL5,-21.15,STX11,-39.01,MYBL2,-21.56,IRF4,-13.79,LINC00472,-10.81,TNFRSF13B,-98.11,TP63,-19.25,PLEK,-2.14,BRIP1,-3.29,SLAMF1,-2.86,ELL2,-19.79,NEDD9,-33.97,RASSF6,-13.97,CD86,-15.35,MSH6,-22.5
249,LINC01781,-18.87,FCRL5,-11.76,CENPF,-11.36,SLAMF1,-21.27,LINC01781,-39.33,PLK4,-22.09,ADAM23,-13.82,CDC25B,-10.9,ATP2B4,-98.71,PAG1,-19.37,TCF7,-2.14,TSHZ2,-3.41,FCGR3A,-2.89,IRF4,-19.94,VDR,-34.02,IRF4,-14.08,CRIP1,-16.19,IGHD,-23.01
250,CD86,-19.99,IL2RA,-11.91,IRAK3,-11.59,IL2RA,-22.0,ACTB,-40.84,RAG1,-22.45,CREB3L2,-14.09,STMN1,-11.27,DNAH8,-99.07,LINC00996,-19.49,NUGGC,-2.15,ACTB,-3.44,TBXAS1,-2.91,FCRL5,-20.76,KANK2,-36.39,LEF1,-14.41,HCK,-16.29,SDC1,-23.49
251,PLD4,-20.86,HCST,-12.51,HIPK2,-11.66,HIPK2,-22.22,SSPN,-41.65,LMNB1,-22.74,MYBL2,-14.14,EYA2,-11.67,NIBAN1,-99.7,TNFRSF13B,-20.48,TOX,-2.19,IFI44L,-3.57,CD99,-3.11,ALPL,-20.8,FCRL3,-38.31,MIR181A1HG,-14.85,IFNAR2,-17.81,NEK6,-23.93
252,CRIP1,-22.58,HIPK2,-12.83,HERPUD1,-11.77,NEAT1,-24.23,MAST4,-42.95,BRIP1,-22.98,BAHCC1,-14.3,CDK6,-11.91,RASSF6,-99.98,CD70,-21.0,LMNB1,-2.2,TRIB1,-3.66,PCDH9,-3.13,MAST4,-21.07,BAHCC1,-38.56,MSH6,-14.95,ELL2,-18.43,HCK,-25.62
253,CCR7,-23.78,UBE2C,-13.49,NFKBIA,-13.24,RAB31,-25.68,PECAM1,-44.68,ARPP21,-23.44,HCK,-14.83,SEC11C,-12.11,BAIAP3,-102.46,FAS,-21.66,KCNMA1,-2.2,IFNAR2,-3.81,RAB31,-3.44,CD38,-21.83,ADAM23,-38.76,AL139020.1,-15.01,PCDH9,-18.83,IFI44L,-26.13
254,NEDD9,-26.51,PCDH9,-13.62,LINC01781,-13.31,LINC01781,-26.29,IL2RA,-44.92,STMN1,-23.88,BRIP1,-14.92,ARPP21,-12.32,PAG1,-109.27,RASSF6,-22.17,HIPK2,-2.23,CDC25B,-3.91,PEG10,-3.61,MIR181A1HG,-22.25,MME,-40.74,MME,-15.14,CHPF,-19.17,PEG10,-27.47
255,TNFAIP3,-29.26,LINC01781,-14.04,RAB31,-14.37,PECAM1,-28.61,CD69,-45.25,MIR181A1HG,-23.9,STMN1,-14.93,VIM-AS1,-12.96,CD70,-112.04,TFEC,-22.3,ATP2B4,-2.24,SSPN,-3.99,FCRL5,-3.89,TXNDC5,-23.08,LEF1,-41.59,IL7R,-16.38,MSH6,-19.37,LINC01781,-28.15
256,NR4A2,-29.36,CD86,-17.22,CD69,-14.76,TNFAIP3,-29.3,NEDD9,-50.73,EYA2,-24.15,SYNC,-15.69,ADAM23,-13.84,ZMIZ1,-115.78,BAIAP3,-22.51,LINC01781,-2.24,ELL2,-4.43,LINC01781,-4.09,CCR7,-24.22,IL7R,-42.77,TSHZ2,-16.5,PKM,-20.35,IL2RA,-29.74
257,FCRL3,-31.93,CCR7,-17.4,CCR7,-16.67,IRAK3,-31.82,IRAK3,-53.41,CDK6,-25.06,CST3,-16.04,MSH6,-13.91,TFEC,-118.84,DNAH8,-23.4,AKAP12,-2.27,TESC,-4.48,IL2RA,-4.24,SLAMF1,-24.53,AL139020.1,-44.46,IGHD,-17.73,TXNDC5,-20.44,SEC11C,-33.79
258,ZNF331,-37.01,NEDD9,-17.55,CD86,-16.98,CCR7,-32.5,RAB31,-54.72,HCK,-25.19,AL139020.1,-16.39,NR4A3,-13.99,LINC01781,-121.14,ZMIZ1,-23.48,TNFSF9,-2.27,EGR1,-5.29,IRAK3,-4.94,IGHD,-26.36,TXNDC5,-44.73,CD38,-17.76,TNFAIP3,-20.99,CD86,-35.41
259,ELL2,-42.06,RPS2,-17.74,NR4A2,-17.85,CD86,-32.98,CD86,-58.64,IRF4,-25.39,MME,-16.41,IRF4,-14.63,TBXAS1,-126.8,MAST4,-24.71,CRIP2,-2.3,IGHD,-5.36,CD86,-5.07,PLD4,-30.06,CDK6,-45.41,HIPK2,-19.24,IL2RA,-21.65,PLD4,-37.19
260,ACTG1,-45.7,ACTB,-20.17,TNFAIP3,-18.04,NEDD9,-35.37,TNFAIP3,-60.0,BAHCC1,-25.47,MIR181A1HG,-16.78,PLD4,-14.87,MAST4,-129.94,SSPN,-26.36,TBXAS1,-2.33,AREG,-6.15,CCR7,-5.45,TNFRSF1B,-30.68,CD38,-45.69,CCR7,-19.57,IRAK3,-22.0,CCR7,-40.61
261,FXYD2,-51.57,NR4A2,-22.3,FCRL3,-21.98,ACTB,-39.08,CCR7,-61.96,ADAM23,-25.89,KCNMA1,-16.79,KANK2,-15.0,CRIP1,-131.64,NEK6,-26.63,IL2RA,-2.34,PECAM1,-6.36,UBE2C,-5.54,PECAM1,-44.72,MIR181A1HG,-53.67,IL2RA,-20.94,PLD4,-23.62,IRAK3,-42.54
262,VPREB1,-52.36,FCRL3,-23.9,NEDD9,-22.61,NR4A2,-39.11,NR4A2,-62.59,VIM-AS1,-26.53,CD38,-16.88,MME,-16.44,HIPK2,-134.14,LINC01781,-28.1,BAIAP3,-2.44,IRAK3,-6.69,NR4A2,-5.85,IRAK3,-47.03,PECAM1,-58.1,PEG10,-21.5,NR4A2,-27.04,PCDH9,-44.74
263,HMGB2,-74.36,TNFAIP3,-24.72,ACTB,-25.55,FCRL3,-44.54,ZNF331,-63.47,AL139020.1,-27.57,MSH6,-18.42,AL139020.1,-17.39,SSPN,-137.41,TBXAS1,-28.17,IQGAP2,-2.48,PCDH9,-6.85,FCRL3,-7.83,FCRL3,-47.99,IGHD,-58.14,CDK6,-22.28,CD38,-30.51,NR4A2,-46.65
264,RPS2,-78.47,ZNF331,-27.69,ZNF331,-26.23,ZNF331,-52.32,FCRL3,-80.99,CD69,-29.8,IFNAR2,-18.55,SYNC,-17.57,TOX,-140.09,TOX,-29.99,ZMIZ1,-3.08,TNFRSF4,-6.87,ZNF331,-8.43,PCDH9,-48.46,PCDH9,-93.62,PECAM1,-22.89,FCRL3,-31.21,ZNF331,-56.13
265,SH3BGRL3,-96.01,ELL2,-32.22,ELL2,-31.12,ELL2,-61.3,ELL2,-102.25,MME,-31.92,IQGAP2,-18.64,MYBL2,-17.87,NEK6,-143.82,HIPK2,-32.46,EGR1,-3.14,MIR155HG,-13.23,ELL2,-8.55,ZNF331,-66.55,IRAK3,-99.79,TNFAIP3,-50.2,ZNF331,-37.79,FCRL3,-58.46
